id,at,actor,action,tbl,row_key,changes
1,2026-08-25T19:52:45.221577+00:00,setup check,insert,measurements,1900-01-01 / plant 999,"{""lai"":null,""note"":""connection test"",""spad"":null,""leaves"":null,""obs_date"":""1900-01-01"",""plant_id"":999,""height_cm"":1,""updated_at"":""2026-08-25T19:52:45.221577+00:00"",""recorded_by"":""setup check"",""internode_cm"":null}"
2,2026-08-25T19:52:46.100838+00:00,setup check,delete,measurements,1900-01-01 / plant 999,"{""lai"":null,""note"":""connection test"",""spad"":null,""leaves"":null,""obs_date"":""1900-01-01"",""plant_id"":999,""height_cm"":1,""updated_at"":""2026-08-25T19:52:45.221577+00:00"",""recorded_by"":""setup check"",""internode_cm"":null}"
3,2026-08-25T19:53:06.459155+00:00,setup check,insert,measurements,1900-01-01 / plant 999,"{""lai"":null,""note"":""delete-protection test"",""spad"":null,""leaves"":null,""obs_date"":""1900-01-01"",""plant_id"":999,""height_cm"":1,""updated_at"":""2026-08-25T19:53:06.459155+00:00"",""recorded_by"":""setup check"",""internode_cm"":null}"
4,2026-08-25T19:53:07.880825+00:00,setup check,delete,measurements,1900-01-01 / plant 999,"{""lai"":null,""note"":""delete-protection test"",""spad"":null,""leaves"":null,""obs_date"":""1900-01-01"",""plant_id"":999,""height_cm"":1,""updated_at"":""2026-08-25T19:53:06.459155+00:00"",""recorded_by"":""setup check"",""internode_cm"":null}"
5,2026-09-15T17:17:56.355232+00:00,Emma,insert,plants,plant 1 (H1),"{""id"":1,""rep"":""1"",""sort"":1,""label"":""H1"",""notes"":"""",""active"":true,""sown_on"":""2026-09-04"",""container"":""5-gal"",""treatment"":""High 5%"",""created_at"":""2026-09-15T17:17:56.015+00:00"",""seeds_sown"":1,""updated_at"":""2026-09-15T17:17:56.015+00:00"",""updated_by"":""Emma"",""seed_depth_in"":0.5}"
6,2026-09-15T17:18:08.289261+00:00,Emma,insert,plants,plant 2 (H2),"{""id"":2,""rep"":""2"",""sort"":2,""label"":""H2"",""notes"":"""",""active"":true,""sown_on"":""2026-09-04"",""container"":""5-gal"",""treatment"":""High 5%"",""created_at"":""2026-09-15T17:18:08.152+00:00"",""seeds_sown"":1,""updated_at"":""2026-09-15T17:18:08.152+00:00"",""updated_by"":""Emma"",""seed_depth_in"":0.5}"
7,2026-09-15T17:18:11.639733+00:00,Emma,insert,plants,plant 3 (H3),"{""id"":3,""rep"":""3"",""sort"":3,""label"":""H3"",""notes"":"""",""active"":true,""sown_on"":""2026-09-04"",""container"":""5-gal"",""treatment"":""High 5%"",""created_at"":""2026-09-15T17:18:11.509+00:00"",""seeds_sown"":1,""updated_at"":""2026-09-15T17:18:11.509+00:00"",""updated_by"":""Emma"",""seed_depth_in"":0.5}"
8,2026-09-15T17:18:24.486169+00:00,Emma,insert,plants,plant 4 (L1),"{""id"":4,""rep"":""1"",""sort"":4,""label"":""L1"",""notes"":"""",""active"":true,""sown_on"":""2026-09-04"",""container"":""5-gal"",""treatment"":""Low 2%"",""created_at"":""2026-09-15T17:18:24.347+00:00"",""seeds_sown"":1,""updated_at"":""2026-09-15T17:18:24.347+00:00"",""updated_by"":""Emma"",""seed_depth_in"":0.5}"
9,2026-09-15T17:18:29.141586+00:00,Emma,insert,plants,plant 5 (L2),"{""id"":5,""rep"":""2"",""sort"":5,""label"":""L2"",""notes"":"""",""active"":true,""sown_on"":""2026-09-04"",""container"":""5-gal"",""treatment"":""Low 2%"",""created_at"":""2026-09-15T17:18:28.997+00:00"",""seeds_sown"":1,""updated_at"":""2026-09-15T17:18:28.997+00:00"",""updated_by"":""Emma"",""seed_depth_in"":0.5}"
10,2026-09-15T17:18:34.448202+00:00,Emma,insert,plants,plant 6 (L3),"{""id"":6,""rep"":""3"",""sort"":6,""label"":""L3"",""notes"":"""",""active"":true,""sown_on"":""2026-09-04"",""container"":""5-gal"",""treatment"":""Low 2%"",""created_at"":""2026-09-15T17:18:34.31+00:00"",""seeds_sown"":1,""updated_at"":""2026-09-15T17:18:34.31+00:00"",""updated_by"":""Emma"",""seed_depth_in"":0.5}"
11,2026-09-15T17:18:41.161247+00:00,Emma,insert,plants,plant 7 (C1),"{""id"":7,""rep"":""1"",""sort"":7,""label"":""C1"",""notes"":"""",""active"":true,""sown_on"":""2026-09-04"",""container"":""5-gal"",""treatment"":""Control"",""created_at"":""2026-09-15T17:18:41.02+00:00"",""seeds_sown"":1,""updated_at"":""2026-09-15T17:18:41.02+00:00"",""updated_by"":""Emma"",""seed_depth_in"":0.5}"
12,2026-09-15T17:18:44.869894+00:00,Emma,insert,plants,plant 8 (C2),"{""id"":8,""rep"":""2"",""sort"":8,""label"":""C2"",""notes"":"""",""active"":true,""sown_on"":""2026-09-04"",""container"":""5-gal"",""treatment"":""Control"",""created_at"":""2026-09-15T17:18:44.734+00:00"",""seeds_sown"":1,""updated_at"":""2026-09-15T17:18:44.734+00:00"",""updated_by"":""Emma"",""seed_depth_in"":0.5}"
13,2026-09-15T17:18:47.900378+00:00,Emma,insert,plants,plant 9 (C3),"{""id"":9,""rep"":""3"",""sort"":9,""label"":""C3"",""notes"":"""",""active"":true,""sown_on"":""2026-09-04"",""container"":""5-gal"",""treatment"":""Control"",""created_at"":""2026-09-15T17:18:47.763+00:00"",""seeds_sown"":1,""updated_at"":""2026-09-15T17:18:47.763+00:00"",""updated_by"":""Emma"",""seed_depth_in"":0.5}"
14,2026-09-15T17:18:54.165828+00:00,Emma,insert,plants,plant 10 (E1),"{""id"":10,""rep"":""1"",""sort"":10,""label"":""E1"",""notes"":"""",""active"":true,""sown_on"":""2026-09-04"",""container"":""5-gal"",""treatment"":"""",""created_at"":""2026-09-15T17:18:54.033+00:00"",""seeds_sown"":1,""updated_at"":""2026-09-15T17:18:54.033+00:00"",""updated_by"":""Emma"",""seed_depth_in"":0.5}"
15,2026-09-15T17:18:59.552877+00:00,Emma,insert,plants,plant 11 (E2),"{""id"":11,""rep"":""2"",""sort"":11,""label"":""E2"",""notes"":"""",""active"":true,""sown_on"":""2026-09-04"",""container"":""5-gal"",""treatment"":"""",""created_at"":""2026-09-15T17:18:59.418+00:00"",""seeds_sown"":1,""updated_at"":""2026-09-15T17:18:59.418+00:00"",""updated_by"":""Emma"",""seed_depth_in"":0.5}"
16,2026-09-15T17:19:02.796882+00:00,Emma,insert,plants,plant 12 (E3),"{""id"":12,""rep"":""3"",""sort"":12,""label"":""E3"",""notes"":"""",""active"":true,""sown_on"":""2026-09-04"",""container"":""5-gal"",""treatment"":"""",""created_at"":""2026-09-15T17:19:02.656+00:00"",""seeds_sown"":1,""updated_at"":""2026-09-15T17:19:02.656+00:00"",""updated_by"":""Emma"",""seed_depth_in"":0.5}"
17,2026-09-15T17:20:51.5108+00:00,Emma,insert,day_log,2026-09-04,"{""notes"":""All p"",""log_date"":""2026-09-04"",""obs_time"":null,""updated_at"":""2026-09-15T17:20:51.214+00:00"",""recorded_by"":""Emma""}"
18,2026-09-15T17:20:54.48568+00:00,Emma,update,day_log,2026-09-04,"{""notes"":null}"
19,2026-09-15T17:21:05.510983+00:00,Emma,update,day_log,2026-09-04,"{""notes"":""Soil was prewatered before""}"
20,2026-09-15T17:21:10.171028+00:00,Emma,update,day_log,2026-09-04,"{""notes"":""Soil was prewatered before planting to allow""}"
21,2026-09-15T17:21:18.780563+00:00,Emma,update,day_log,2026-09-04,"{""notes"":""Soil was prewatered before planting to allow mo""}"
22,2026-09-15T17:21:22.057217+00:00,Emma,update,day_log,2026-09-04,"{""notes"":""Soil was prewatered before planting to allow moisture""}"
23,2026-09-15T17:21:30.755684+00:00,Emma,update,day_log,2026-09-04,"{""notes"":""Soil was prewatered before planting to allow moisture in soil to rise to appropriate level.""}"
24,2026-09-15T17:21:36.485197+00:00,Emma,insert,measurements,2026-09-04 / plant 1,"{""lai"":null,""note"":""Dosed with 5"",""spad"":null,""leaves"":null,""obs_date"":""2026-09-04"",""plant_id"":1,""height_cm"":null,""updated_at"":""2026-09-15T17:21:36.31+00:00"",""recorded_by"":""Emma"",""internode_cm"":null}"
25,2026-09-15T17:21:37.389446+00:00,Emma,update,measurements,2026-09-04 / plant 1,"{""note"":""Dosed with 5%""}"
26,2026-09-15T17:21:45.002884+00:00,Emma,delete,measurements,2026-09-04 / plant 1,"{""lai"":null,""note"":""Dosed with 5%"",""spad"":null,""leaves"":null,""obs_date"":""2026-09-04"",""plant_id"":1,""height_cm"":null,""updated_at"":""2026-09-15T17:21:37.238+00:00"",""recorded_by"":""Emma"",""internode_cm"":null}"
27,2026-09-15T17:22:03.300428+00:00,Emma,insert,doses,2026-09-04 / plant 1,"{""id"":1,""pct"":5,""note"":null,""method"":""pour-on"",""plant_id"":1,""stock_ml"":5,""dose_date"":""2026-09-04"",""volume_ml"":100,""created_at"":""2026-09-15T17:22:03.300428+00:00"",""updated_at"":""2026-09-15T17:22:03.119+00:00"",""recorded_by"":""Emma""}"
28,2026-09-15T17:22:03.300428+00:00,Emma,insert,doses,2026-09-04 / plant 2,"{""id"":2,""pct"":5,""note"":null,""method"":""pour-on"",""plant_id"":2,""stock_ml"":5,""dose_date"":""2026-09-04"",""volume_ml"":100,""created_at"":""2026-09-15T17:22:03.300428+00:00"",""updated_at"":""2026-09-15T17:22:03.119+00:00"",""recorded_by"":""Emma""}"
29,2026-09-15T17:22:03.300428+00:00,Emma,insert,doses,2026-09-04 / plant 3,"{""id"":3,""pct"":5,""note"":null,""method"":""pour-on"",""plant_id"":3,""stock_ml"":5,""dose_date"":""2026-09-04"",""volume_ml"":100,""created_at"":""2026-09-15T17:22:03.300428+00:00"",""updated_at"":""2026-09-15T17:22:03.119+00:00"",""recorded_by"":""Emma""}"
30,2026-09-15T17:22:22.123415+00:00,Emma,insert,doses,2026-09-04 / plant 4,"{""id"":4,""pct"":2,""note"":null,""method"":""pour-on"",""plant_id"":4,""stock_ml"":2,""dose_date"":""2026-09-04"",""volume_ml"":100,""created_at"":""2026-09-15T17:22:22.123415+00:00"",""updated_at"":""2026-09-15T17:22:21.991+00:00"",""recorded_by"":""Emma""}"
31,2026-09-15T17:22:22.123415+00:00,Emma,insert,doses,2026-09-04 / plant 5,"{""id"":5,""pct"":2,""note"":null,""method"":""pour-on"",""plant_id"":5,""stock_ml"":2,""dose_date"":""2026-09-04"",""volume_ml"":100,""created_at"":""2026-09-15T17:22:22.123415+00:00"",""updated_at"":""2026-09-15T17:22:21.991+00:00"",""recorded_by"":""Emma""}"
32,2026-09-15T17:22:22.123415+00:00,Emma,insert,doses,2026-09-04 / plant 6,"{""id"":6,""pct"":2,""note"":null,""method"":""pour-on"",""plant_id"":6,""stock_ml"":2,""dose_date"":""2026-09-04"",""volume_ml"":100,""created_at"":""2026-09-15T17:22:22.123415+00:00"",""updated_at"":""2026-09-15T17:22:21.991+00:00"",""recorded_by"":""Emma""}"
33,2026-09-15T17:24:40.585407+00:00,Emma,insert,measurements,2026-09-08 / plant 1,"{""lai"":null,""note"":""emergence"",""spad"":null,""leaves"":null,""obs_date"":""2026-09-08"",""plant_id"":1,""height_cm"":null,""updated_at"":""2026-09-15T17:24:40.082+00:00"",""recorded_by"":""Emma"",""internode_cm"":null}"
34,2026-09-15T17:24:49.194057+00:00,Emma,delete,measurements,2026-09-08 / plant 1,"{""lai"":null,""note"":""emergence"",""spad"":null,""leaves"":null,""obs_date"":""2026-09-08"",""plant_id"":1,""height_cm"":null,""updated_at"":""2026-09-15T17:24:40.082+00:00"",""recorded_by"":""Emma"",""internode_cm"":null}"
35,2026-09-15T17:25:01.126434+00:00,Emma,insert,measurements,2026-09-08 / plant 1,"{""lai"":null,""note"":""no growth"",""spad"":null,""leaves"":null,""obs_date"":""2026-09-08"",""plant_id"":1,""height_cm"":null,""updated_at"":""2026-09-15T17:25:00.99+00:00"",""recorded_by"":""Emma"",""internode_cm"":null}"
36,2026-09-15T17:25:06.774634+00:00,Emma,insert,measurements,2026-09-08 / plant 2,"{""lai"":null,""note"":""no gr"",""spad"":null,""leaves"":null,""obs_date"":""2026-09-08"",""plant_id"":2,""height_cm"":null,""updated_at"":""2026-09-15T17:25:06.639+00:00"",""recorded_by"":""Emma"",""internode_cm"":null}"
37,2026-09-15T17:25:08.159039+00:00,Emma,update,measurements,2026-09-08 / plant 2,"{""note"":""no growth""}"
38,2026-09-15T17:25:11.553824+00:00,Emma,insert,measurements,2026-09-08 / plant 3,"{""lai"":null,""note"":""no growth"",""spad"":null,""leaves"":null,""obs_date"":""2026-09-08"",""plant_id"":3,""height_cm"":null,""updated_at"":""2026-09-15T17:25:11.427+00:00"",""recorded_by"":""Emma"",""internode_cm"":null}"
39,2026-09-15T17:25:32.573927+00:00,Emma,insert,measurements,2026-09-08 / plant 4,"{""lai"":null,""note"":""no growth"",""spad"":null,""leaves"":null,""obs_date"":""2026-09-08"",""plant_id"":4,""height_cm"":null,""updated_at"":""2026-09-15T17:25:32.438+00:00"",""recorded_by"":""Emma"",""internode_cm"":null}"
40,2026-09-15T17:25:34.818904+00:00,Emma,insert,measurements,2026-09-08 / plant 5,"{""lai"":null,""note"":""emergence"",""spad"":null,""leaves"":null,""obs_date"":""2026-09-08"",""plant_id"":5,""height_cm"":null,""updated_at"":""2026-09-15T17:25:34.686+00:00"",""recorded_by"":""Emma"",""internode_cm"":null}"
41,2026-09-15T17:25:38.906024+00:00,Emma,insert,measurements,2026-09-08 / plant 6,"{""lai"":null,""note"":""no growth"",""spad"":null,""leaves"":null,""obs_date"":""2026-09-08"",""plant_id"":6,""height_cm"":null,""updated_at"":""2026-09-15T17:25:38.771+00:00"",""recorded_by"":""Emma"",""internode_cm"":null}"
42,2026-09-15T17:25:47.849812+00:00,Emma,insert,measurements,2026-09-08 / plant 7,"{""lai"":null,""note"":""no growth"",""spad"":null,""leaves"":null,""obs_date"":""2026-09-08"",""plant_id"":7,""height_cm"":null,""updated_at"":""2026-09-15T17:25:47.713+00:00"",""recorded_by"":""Emma"",""internode_cm"":null}"
43,2026-09-15T17:25:51.00642+00:00,Emma,insert,measurements,2026-09-08 / plant 8,"{""lai"":null,""note"":""emergence"",""spad"":null,""leaves"":null,""obs_date"":""2026-09-08"",""plant_id"":8,""height_cm"":null,""updated_at"":""2026-09-15T17:25:50.874+00:00"",""recorded_by"":""Emma"",""internode_cm"":null}"
44,2026-09-15T17:25:53.326768+00:00,Emma,insert,measurements,2026-09-08 / plant 9,"{""lai"":null,""note"":""emergence"",""spad"":null,""leaves"":null,""obs_date"":""2026-09-08"",""plant_id"":9,""height_cm"":null,""updated_at"":""2026-09-15T17:25:53.192+00:00"",""recorded_by"":""Emma"",""internode_cm"":null}"
45,2026-09-15T17:25:57.691969+00:00,Emma,insert,measurements,2026-09-08 / plant 10,"{""lai"":null,""note"":""emergence"",""spad"":null,""leaves"":null,""obs_date"":""2026-09-08"",""plant_id"":10,""height_cm"":null,""updated_at"":""2026-09-15T17:25:57.562+00:00"",""recorded_by"":""Emma"",""internode_cm"":null}"
46,2026-09-15T17:25:59.960627+00:00,Emma,insert,measurements,2026-09-08 / plant 11,"{""lai"":null,""note"":""emergence"",""spad"":null,""leaves"":null,""obs_date"":""2026-09-08"",""plant_id"":11,""height_cm"":null,""updated_at"":""2026-09-15T17:25:59.832+00:00"",""recorded_by"":""Emma"",""internode_cm"":null}"
47,2026-09-15T17:26:02.003108+00:00,Emma,insert,measurements,2026-09-08 / plant 12,"{""lai"":null,""note"":""emer"",""spad"":null,""leaves"":null,""obs_date"":""2026-09-08"",""plant_id"":12,""height_cm"":null,""updated_at"":""2026-09-15T17:26:01.859+00:00"",""recorded_by"":""Emma"",""internode_cm"":null}"
48,2026-09-15T17:26:03.39544+00:00,Emma,update,measurements,2026-09-08 / plant 12,"{""note"":""emergence""}"
49,2026-09-15T17:26:09.486802+00:00,Emma,insert,day_log,2026-09-08,"{""notes"":""All plants"",""log_date"":""2026-09-08"",""obs_time"":null,""updated_at"":""2026-09-15T17:26:09.353+00:00"",""recorded_by"":""Emma""}"
50,2026-09-15T17:26:13.904032+00:00,Emma,update,day_log,2026-09-08,"{""notes"":""All pots watered with""}"
51,2026-09-15T17:27:27.413656+00:00,Emma,update,day_log,2026-09-08,"{""notes"":""All pots watered with 1/6 gallon of water""}"
52,2026-09-15T17:27:36.968492+00:00,Emma,update,day_log,2026-09-08,"{""notes"":""All pots watered with 1/6 gallon of water.""}"
53,2026-09-15T17:27:39.651589+00:00,Emma,update,day_log,2026-09-08,"{""notes"":""All pots watered with 1/6 gallon of water (""}"
54,2026-09-15T17:27:42.86237+00:00,Emma,update,day_log,2026-09-08,"{""notes"":""All pots watered with 1/6 gallon of water to allow seeds""}"
55,2026-09-15T17:27:46.031628+00:00,Emma,update,day_log,2026-09-08,"{""notes"":""All pots watered with 1/6 gallon of water to allow seeds to not dry out.""}"
56,2026-09-15T17:28:45.99535+00:00,Emma,insert,measurements,2026-09-09 / plant 1,"{""lai"":null,""note"":""no growth"",""spad"":null,""leaves"":null,""obs_date"":""2026-09-09"",""plant_id"":1,""height_cm"":null,""updated_at"":""2026-09-15T17:28:45.842+00:00"",""recorded_by"":""Emma"",""internode_cm"":null}"
57,2026-09-15T17:28:48.274767+00:00,Emma,insert,measurements,2026-09-09 / plant 2,"{""lai"":null,""note"":""no growth"",""spad"":null,""leaves"":null,""obs_date"":""2026-09-09"",""plant_id"":2,""height_cm"":null,""updated_at"":""2026-09-15T17:28:48.134+00:00"",""recorded_by"":""Emma"",""internode_cm"":null}"
58,2026-09-15T17:28:50.38644+00:00,Emma,insert,measurements,2026-09-09 / plant 3,"{""lai"":null,""note"":""no grwoth"",""spad"":null,""leaves"":null,""obs_date"":""2026-09-09"",""plant_id"":3,""height_cm"":null,""updated_at"":""2026-09-15T17:28:50.25+00:00"",""recorded_by"":""Emma"",""internode_cm"":null}"
59,2026-09-15T17:28:53.256731+00:00,Emma,update,measurements,2026-09-09 / plant 3,"{""note"":""no growth""}"
60,2026-09-15T17:29:19.006857+00:00,Emma,insert,measurements,2026-09-09 / plant 4,"{""lai"":null,""note"":""no growth"",""spad"":null,""leaves"":null,""obs_date"":""2026-09-09"",""plant_id"":4,""height_cm"":null,""updated_at"":""2026-09-15T17:29:18.837+00:00"",""recorded_by"":""Emma"",""internode_cm"":null}"
61,2026-09-15T17:29:21.418919+00:00,Emma,insert,measurements,2026-09-09 / plant 5,"{""lai"":null,""note"":""emergence"",""spad"":null,""leaves"":null,""obs_date"":""2026-09-09"",""plant_id"":5,""height_cm"":null,""updated_at"":""2026-09-15T17:29:21.281+00:00"",""recorded_by"":""Emma"",""internode_cm"":null}"
62,2026-09-15T17:29:23.614624+00:00,Emma,insert,measurements,2026-09-09 / plant 6,"{""lai"":null,""note"":""emergence"",""spad"":null,""leaves"":null,""obs_date"":""2026-09-09"",""plant_id"":6,""height_cm"":null,""updated_at"":""2026-09-15T17:29:23.481+00:00"",""recorded_by"":""Emma"",""internode_cm"":null}"
63,2026-09-15T17:29:29.004859+00:00,Emma,insert,measurements,2026-09-09 / plant 7,"{""lai"":null,""note"":""no growth"",""spad"":null,""leaves"":null,""obs_date"":""2026-09-09"",""plant_id"":7,""height_cm"":null,""updated_at"":""2026-09-15T17:29:28.844+00:00"",""recorded_by"":""Emma"",""internode_cm"":null}"
64,2026-09-15T17:29:31.704026+00:00,Emma,insert,measurements,2026-09-09 / plant 8,"{""lai"":null,""note"":""emergence"",""spad"":null,""leaves"":null,""obs_date"":""2026-09-09"",""plant_id"":8,""height_cm"":null,""updated_at"":""2026-09-15T17:29:31.569+00:00"",""recorded_by"":""Emma"",""internode_cm"":null}"
65,2026-09-15T17:29:33.847453+00:00,Emma,insert,measurements,2026-09-09 / plant 9,"{""lai"":null,""note"":""emergence"",""spad"":null,""leaves"":null,""obs_date"":""2026-09-09"",""plant_id"":9,""height_cm"":null,""updated_at"":""2026-09-15T17:29:33.711+00:00"",""recorded_by"":""Emma"",""internode_cm"":null}"
66,2026-09-15T17:29:37.182348+00:00,Emma,insert,measurements,2026-09-09 / plant 10,"{""lai"":null,""note"":""emergence"",""spad"":null,""leaves"":null,""obs_date"":""2026-09-09"",""plant_id"":10,""height_cm"":null,""updated_at"":""2026-09-15T17:29:36.91+00:00"",""recorded_by"":""Emma"",""internode_cm"":null}"
67,2026-09-15T17:29:39.77067+00:00,Emma,insert,measurements,2026-09-09 / plant 11,"{""lai"":null,""note"":""emergence"",""spad"":null,""leaves"":null,""obs_date"":""2026-09-09"",""plant_id"":11,""height_cm"":null,""updated_at"":""2026-09-15T17:29:39.638+00:00"",""recorded_by"":""Emma"",""internode_cm"":null}"
68,2026-09-15T17:29:42.175652+00:00,Emma,insert,measurements,2026-09-09 / plant 12,"{""lai"":null,""note"":""emergence"",""spad"":null,""leaves"":null,""obs_date"":""2026-09-09"",""plant_id"":12,""height_cm"":null,""updated_at"":""2026-09-15T17:29:42.034+00:00"",""recorded_by"":""Emma"",""internode_cm"":null}"
69,2026-09-15T17:29:46.33485+00:00,Emma,insert,day_log,2026-09-09,"{""notes"":""All"",""log_date"":""2026-09-09"",""obs_time"":null,""updated_at"":""2026-09-15T17:29:46.196+00:00"",""recorded_by"":""Emma""}"
70,2026-09-15T17:29:49.817565+00:00,Emma,update,day_log,2026-09-09,"{""notes"":""All pots watered with""}"
71,2026-09-15T17:29:55.345924+00:00,Emma,update,day_log,2026-09-09,"{""notes"":""All pots watered with 1/6 gallon of water to allow""}"
72,2026-09-15T17:30:01.600136+00:00,Emma,update,day_log,2026-09-09,"{""notes"":""All pots watered with 1/6 gallon of water to prevent seeds""}"
73,2026-09-15T17:30:07.004815+00:00,Emma,update,day_log,2026-09-09,"{""notes"":""All pots watered with 1/6 gallon of water to prevent seeds/seedlings from drying out.""}"
74,2026-09-15T17:31:21.834637+00:00,Emma,insert,measurements,2026-09-10 / plant 1,"{""lai"":null,""note"":""no growth"",""spad"":null,""leaves"":null,""obs_date"":""2026-09-10"",""plant_id"":1,""height_cm"":null,""updated_at"":""2026-09-15T17:31:21.418+00:00"",""recorded_by"":""Emma"",""internode_cm"":null}"
75,2026-09-15T17:31:25.030007+00:00,Emma,insert,measurements,2026-09-10 / plant 2,"{""lai"":null,""note"":""no growth"",""spad"":null,""leaves"":null,""obs_date"":""2026-09-10"",""plant_id"":2,""height_cm"":null,""updated_at"":""2026-09-15T17:31:24.894+00:00"",""recorded_by"":""Emma"",""internode_cm"":null}"
76,2026-09-15T17:31:27.442887+00:00,Emma,insert,measurements,2026-09-10 / plant 3,"{""lai"":null,""note"":""no growth"",""spad"":null,""leaves"":null,""obs_date"":""2026-09-10"",""plant_id"":3,""height_cm"":null,""updated_at"":""2026-09-15T17:31:27.307+00:00"",""recorded_by"":""Emma"",""internode_cm"":null}"
77,2026-09-15T17:31:32.200688+00:00,Emma,insert,measurements,2026-09-10 / plant 4,"{""lai"":null,""note"":""emergence"",""spad"":null,""leaves"":null,""obs_date"":""2026-09-10"",""plant_id"":4,""height_cm"":null,""updated_at"":""2026-09-15T17:31:32.059+00:00"",""recorded_by"":""Emma"",""internode_cm"":null}"
78,2026-09-15T17:31:35.639266+00:00,Emma,insert,measurements,2026-09-10 / plant 5,"{""lai"":null,""note"":""emergence"",""spad"":null,""leaves"":null,""obs_date"":""2026-09-10"",""plant_id"":5,""height_cm"":null,""updated_at"":""2026-09-15T17:31:35.5+00:00"",""recorded_by"":""Emma"",""internode_cm"":null}"
79,2026-09-15T17:31:54.308086+00:00,Emma,update,measurements,2026-09-10 / plant 4,"{""note"":""emergence (very slight""}"
80,2026-09-15T17:31:56.634442+00:00,Emma,update,measurements,2026-09-10 / plant 4,"{""note"":""emergence""}"
81,2026-09-15T17:33:29.725975+00:00,Emma,update,measurements,2026-09-10 / plant 5,"{""height_cm"":1.5}"
82,2026-09-15T17:33:31.424816+00:00,Emma,update,measurements,2026-09-10 / plant 5,"{""note"":null}"
83,2026-09-15T17:34:05.076799+00:00,Emma,insert,measurements,2026-09-10 / plant 6,"{""lai"":null,""note"":""no growth"",""spad"":null,""leaves"":null,""obs_date"":""2026-09-10"",""plant_id"":6,""height_cm"":null,""updated_at"":""2026-09-15T17:34:04.923+00:00"",""recorded_by"":""Emma"",""internode_cm"":null}"
84,2026-09-15T17:34:14.175886+00:00,Emma,insert,measurements,2026-09-10 / plant 7,"{""lai"":null,""note"":""no growth"",""spad"":null,""leaves"":null,""obs_date"":""2026-09-10"",""plant_id"":7,""height_cm"":null,""updated_at"":""2026-09-15T17:34:14.024+00:00"",""recorded_by"":""Emma"",""internode_cm"":null}"
85,2026-09-15T17:35:11.936181+00:00,Emma,insert,measurements,2026-09-10 / plant 8,"{""lai"":null,""note"":null,""spad"":null,""leaves"":null,""obs_date"":""2026-09-10"",""plant_id"":8,""height_cm"":1.4,""updated_at"":""2026-09-15T17:35:11.779+00:00"",""recorded_by"":""Emma"",""internode_cm"":null}"
86,2026-09-15T17:35:13.11524+00:00,Emma,update,measurements,2026-09-10 / plant 8,"{""height_cm"":1.3}"
87,2026-09-15T17:35:31.92258+00:00,Emma,insert,measurements,2026-09-10 / plant 9,"{""lai"":null,""note"":null,""spad"":null,""leaves"":null,""obs_date"":""2026-09-10"",""plant_id"":9,""height_cm"":2.5,""updated_at"":""2026-09-15T17:35:31.782+00:00"",""recorded_by"":""Emma"",""internode_cm"":null}"
88,2026-09-15T17:36:16.96099+00:00,Emma,insert,measurements,2026-09-10 / plant 10,"{""lai"":null,""note"":null,""spad"":null,""leaves"":null,""obs_date"":""2026-09-10"",""plant_id"":10,""height_cm"":3,""updated_at"":""2026-09-15T17:36:16.811+00:00"",""recorded_by"":""Emma"",""internode_cm"":null}"
89,2026-09-15T17:36:47.906308+00:00,Emma,insert,measurements,2026-09-10 / plant 11,"{""lai"":null,""note"":null,""spad"":null,""leaves"":null,""obs_date"":""2026-09-10"",""plant_id"":11,""height_cm"":2,""updated_at"":""2026-09-15T17:36:47.755+00:00"",""recorded_by"":""Emma"",""internode_cm"":null}"
90,2026-09-15T17:37:01.694366+00:00,Emma,insert,measurements,2026-09-10 / plant 12,"{""lai"":null,""note"":null,""spad"":null,""leaves"":null,""obs_date"":""2026-09-10"",""plant_id"":12,""height_cm"":3.5,""updated_at"":""2026-09-15T17:37:01.558+00:00"",""recorded_by"":""Emma"",""internode_cm"":null}"
91,2026-09-15T17:37:24.161716+00:00,Emma,insert,measurements,2026-09-11 / plant 1,"{""lai"":null,""note"":""no growth"",""spad"":null,""leaves"":null,""obs_date"":""2026-09-11"",""plant_id"":1,""height_cm"":null,""updated_at"":""2026-09-15T17:37:24.022+00:00"",""recorded_by"":""Emma"",""internode_cm"":null}"
92,2026-09-15T17:37:27.309149+00:00,Emma,insert,measurements,2026-09-11 / plant 2,"{""lai"":null,""note"":""no growth"",""spad"":null,""leaves"":null,""obs_date"":""2026-09-11"",""plant_id"":2,""height_cm"":null,""updated_at"":""2026-09-15T17:37:27.17+00:00"",""recorded_by"":""Emma"",""internode_cm"":null}"
93,2026-09-15T17:37:29.295731+00:00,Emma,insert,measurements,2026-09-11 / plant 3,"{""lai"":null,""note"":""no growth"",""spad"":null,""leaves"":null,""obs_date"":""2026-09-11"",""plant_id"":3,""height_cm"":null,""updated_at"":""2026-09-15T17:37:29.154+00:00"",""recorded_by"":""Emma"",""internode_cm"":null}"
94,2026-09-15T17:37:41.455363+00:00,Emma,insert,measurements,2026-09-11 / plant 7,"{""lai"":null,""note"":""no growth"",""spad"":null,""leaves"":null,""obs_date"":""2026-09-11"",""plant_id"":7,""height_cm"":null,""updated_at"":""2026-09-15T17:37:41.304+00:00"",""recorded_by"":""Emma"",""internode_cm"":null}"
95,2026-09-15T17:37:45.473605+00:00,Emma,insert,measurements,2026-09-11 / plant 6,"{""lai"":null,""note"":""no growth"",""spad"":null,""leaves"":null,""obs_date"":""2026-09-11"",""plant_id"":6,""height_cm"":null,""updated_at"":""2026-09-15T17:37:45.334+00:00"",""recorded_by"":""Emma"",""internode_cm"":null}"
96,2026-09-15T17:38:27.185193+00:00,Emma,update,measurements,2026-09-09 / plant 6,"{""note"":""no growth""}"
97,2026-09-15T17:38:54.425883+00:00,Emma,insert,measurements,2026-09-11 / plant 4,"{""lai"":null,""note"":""emergence"",""spad"":null,""leaves"":null,""obs_date"":""2026-09-11"",""plant_id"":4,""height_cm"":null,""updated_at"":""2026-09-15T17:38:54.288+00:00"",""recorded_by"":""Emma"",""internode_cm"":null}"
98,2026-09-15T17:38:58.746886+00:00,Emma,insert,measurements,2026-09-11 / plant 5,"{""lai"":null,""note"":null,""spad"":null,""leaves"":null,""obs_date"":""2026-09-11"",""plant_id"":5,""height_cm"":2.5,""updated_at"":""2026-09-15T17:38:58.608+00:00"",""recorded_by"":""Emma"",""internode_cm"":null}"
99,2026-09-15T17:39:02.780245+00:00,Emma,update,measurements,2026-09-11 / plant 5,"{""leaves"":2}"
100,2026-09-15T17:39:12.166663+00:00,Emma,insert,measurements,2026-09-11 / plant 8,"{""lai"":null,""note"":null,""spad"":null,""leaves"":null,""obs_date"":""2026-09-11"",""plant_id"":8,""height_cm"":2.5,""updated_at"":""2026-09-15T17:39:12.028+00:00"",""recorded_by"":""Emma"",""internode_cm"":null}"
101,2026-09-15T17:39:15.228245+00:00,Emma,update,measurements,2026-09-11 / plant 8,"{""leaves"":2}"
102,2026-09-15T17:39:18.371605+00:00,Emma,insert,measurements,2026-09-11 / plant 9,"{""lai"":null,""note"":null,""spad"":null,""leaves"":2,""obs_date"":""2026-09-11"",""plant_id"":9,""height_cm"":null,""updated_at"":""2026-09-15T17:39:18.209+00:00"",""recorded_by"":""Emma"",""internode_cm"":null}"
103,2026-09-15T17:39:19.905343+00:00,Emma,update,measurements,2026-09-11 / plant 9,"{""height_cm"":3.5}"
104,2026-09-15T17:39:26.136864+00:00,Emma,insert,measurements,2026-09-11 / plant 10,"{""lai"":null,""note"":null,""spad"":null,""leaves"":null,""obs_date"":""2026-09-11"",""plant_id"":10,""height_cm"":3.5,""updated_at"":""2026-09-15T17:39:25.998+00:00"",""recorded_by"":""Emma"",""internode_cm"":null}"
105,2026-09-15T17:39:28.873334+00:00,Emma,update,measurements,2026-09-11 / plant 10,"{""leaves"":2}"
106,2026-09-15T17:39:33.083833+00:00,Emma,insert,measurements,2026-09-11 / plant 11,"{""lai"":null,""note"":null,""spad"":null,""leaves"":null,""obs_date"":""2026-09-11"",""plant_id"":11,""height_cm"":2.5,""updated_at"":""2026-09-15T17:39:32.939+00:00"",""recorded_by"":""Emma"",""internode_cm"":null}"
107,2026-09-15T17:39:37.964833+00:00,Emma,update,measurements,2026-09-11 / plant 11,"{""leaves"":1}"
108,2026-09-15T17:39:41.19605+00:00,Emma,update,measurements,2026-09-11 / plant 11,"{""leaves"":null}"
109,2026-09-15T17:39:46.251919+00:00,Emma,insert,measurements,2026-09-11 / plant 12,"{""lai"":null,""note"":null,""spad"":null,""leaves"":null,""obs_date"":""2026-09-11"",""plant_id"":12,""height_cm"":5,""updated_at"":""2026-09-15T17:39:46.109+00:00"",""recorded_by"":""Emma"",""internode_cm"":null}"
110,2026-09-15T17:39:51.069552+00:00,Emma,update,measurements,2026-09-11 / plant 12,"{""leaves"":3}"
111,2026-09-15T17:39:52.230971+00:00,Emma,update,measurements,2026-09-11 / plant 12,"{""leaves"":2}"
112,2026-09-15T17:40:04.266668+00:00,Emma,insert,day_log,2026-09-11,"{""notes"":""leaves are too small to read on SPAD"",""log_date"":""2026-09-11"",""obs_time"":null,""updated_at"":""2026-09-15T17:40:04.105+00:00"",""recorded_by"":""Emma""}"
113,2026-09-15T17:40:11.640238+00:00,Emma,update,day_log,2026-09-11,"{""notes"":""leaves are too small to read on SPAD.""}"
114,2026-09-15T17:40:13.46373+00:00,Emma,update,day_log,2026-09-11,"{""notes"":""Leaves are too small to read on SPAD.""}"
115,2026-09-15T17:40:22.10872+00:00,Emma,update,day_log,2026-09-11,"{""notes"":""- Leaves are too small to read on SPAD.""}"
116,2026-09-15T17:40:23.758632+00:00,Emma,update,day_log,2026-09-11,"{""notes"":""- Leaves are too small to read on SPAD.\n-""}"
117,2026-09-15T17:40:30.18987+00:00,Emma,update,day_log,2026-09-11,"{""notes"":""- Leaves are too small to read on SPAD.\n- All pots watered with 1/6""}"
118,2026-09-15T17:40:35.215476+00:00,Emma,update,day_log,2026-09-11,"{""notes"":""- Leaves are too small to read on SPAD.\n- All pots watered with 1/6 gallon of water""}"
119,2026-09-15T17:40:38.433495+00:00,Emma,update,day_log,2026-09-11,"{""notes"":""- Leaves are too small to read on SPAD.\n- All pots watered with 1/6 gallon of water.""}"
120,2026-09-15T17:41:03.391494+00:00,Emma,insert,measurements,2026-09-14 / plant 1,"{""lai"":null,""note"":""no grwoth"",""spad"":null,""leaves"":null,""obs_date"":""2026-09-14"",""plant_id"":1,""height_cm"":null,""updated_at"":""2026-09-15T17:41:03.245+00:00"",""recorded_by"":""Emma"",""internode_cm"":null}"
121,2026-09-15T17:41:04.743921+00:00,Emma,update,measurements,2026-09-14 / plant 1,"{""note"":""no growth""}"
122,2026-09-15T17:41:07.539446+00:00,Emma,insert,measurements,2026-09-14 / plant 2,"{""lai"":null,""note"":""no growth"",""spad"":null,""leaves"":null,""obs_date"":""2026-09-14"",""plant_id"":2,""height_cm"":null,""updated_at"":""2026-09-15T17:41:07.402+00:00"",""recorded_by"":""Emma"",""internode_cm"":null}"
123,2026-09-15T17:41:08.801338+00:00,Emma,insert,measurements,2026-09-14 / plant 3,"{""lai"":null,""note"":""no growth"",""spad"":null,""leaves"":null,""obs_date"":""2026-09-14"",""plant_id"":3,""height_cm"":null,""updated_at"":""2026-09-15T17:41:08.668+00:00"",""recorded_by"":""Emma"",""internode_cm"":null}"
124,2026-09-15T17:41:15.850259+00:00,Emma,insert,measurements,2026-09-14 / plant 6,"{""lai"":null,""note"":""no growth"",""spad"":null,""leaves"":null,""obs_date"":""2026-09-14"",""plant_id"":6,""height_cm"":null,""updated_at"":""2026-09-15T17:41:15.708+00:00"",""recorded_by"":""Emma"",""internode_cm"":null}"
125,2026-09-15T17:41:19.33422+00:00,Emma,insert,measurements,2026-09-14 / plant 7,"{""lai"":null,""note"":""no growth"",""spad"":null,""leaves"":null,""obs_date"":""2026-09-14"",""plant_id"":7,""height_cm"":null,""updated_at"":""2026-09-15T17:41:19.197+00:00"",""recorded_by"":""Emma"",""internode_cm"":null}"
126,2026-09-15T17:41:24.586498+00:00,Emma,insert,measurements,2026-09-14 / plant 4,"{""lai"":null,""note"":null,""spad"":null,""leaves"":null,""obs_date"":""2026-09-14"",""plant_id"":4,""height_cm"":2.5,""updated_at"":""2026-09-15T17:41:24.444+00:00"",""recorded_by"":""Emma"",""internode_cm"":null}"
127,2026-09-15T17:41:31.248442+00:00,Emma,insert,measurements,2026-09-14 / plant 5,"{""lai"":null,""note"":null,""spad"":null,""leaves"":null,""obs_date"":""2026-09-14"",""plant_id"":5,""height_cm"":5.5,""updated_at"":""2026-09-15T17:41:31.11+00:00"",""recorded_by"":""Emma"",""internode_cm"":null}"
128,2026-09-15T17:41:33.43095+00:00,Emma,update,measurements,2026-09-14 / plant 5,"{""leaves"":2}"
129,2026-09-15T17:41:45.079988+00:00,Emma,insert,measurements,2026-09-14 / plant 8,"{""lai"":null,""note"":null,""spad"":null,""leaves"":null,""obs_date"":""2026-09-14"",""plant_id"":8,""height_cm"":6,""updated_at"":""2026-09-15T17:41:44.936+00:00"",""recorded_by"":""Emma"",""internode_cm"":null}"
130,2026-09-15T17:41:46.808501+00:00,Emma,update,measurements,2026-09-14 / plant 8,"{""leaves"":2}"
131,2026-09-15T17:41:50.127965+00:00,Emma,insert,measurements,2026-09-14 / plant 9,"{""lai"":null,""note"":null,""spad"":null,""leaves"":2,""obs_date"":""2026-09-14"",""plant_id"":9,""height_cm"":null,""updated_at"":""2026-09-15T17:41:49.987+00:00"",""recorded_by"":""Emma"",""internode_cm"":null}"
132,2026-09-15T17:41:53.935453+00:00,Emma,update,measurements,2026-09-14 / plant 9,"{""height_cm"":6.5}"
133,2026-09-15T17:41:59.603949+00:00,Emma,insert,measurements,2026-09-14 / plant 10,"{""lai"":null,""note"":null,""spad"":null,""leaves"":null,""obs_date"":""2026-09-14"",""plant_id"":10,""height_cm"":5,""updated_at"":""2026-09-15T17:41:59.441+00:00"",""recorded_by"":""Emma"",""internode_cm"":null}"
134,2026-09-15T17:42:01.55511+00:00,Emma,update,measurements,2026-09-14 / plant 10,"{""leaves"":2}"
135,2026-09-15T17:42:02.716353+00:00,Emma,insert,measurements,2026-09-14 / plant 11,"{""lai"":null,""note"":null,""spad"":null,""leaves"":1,""obs_date"":""2026-09-14"",""plant_id"":11,""height_cm"":null,""updated_at"":""2026-09-15T17:42:02.572+00:00"",""recorded_by"":""Emma"",""internode_cm"":null}"
136,2026-09-15T17:42:03.959937+00:00,Emma,insert,measurements,2026-09-14 / plant 12,"{""lai"":null,""note"":null,""spad"":null,""leaves"":2,""obs_date"":""2026-09-14"",""plant_id"":12,""height_cm"":null,""updated_at"":""2026-09-15T17:42:03.811+00:00"",""recorded_by"":""Emma"",""internode_cm"":null}"
137,2026-09-15T17:42:07.042716+00:00,Emma,update,measurements,2026-09-14 / plant 11,"{""height_cm"":4}"
138,2026-09-15T17:42:08.474498+00:00,Emma,update,measurements,2026-09-14 / plant 12,"{""height_cm"":9}"
139,2026-09-15T17:42:15.511555+00:00,Emma,insert,day_log,2026-09-14,"{""notes"":""-"",""log_date"":""2026-09-14"",""obs_time"":null,""updated_at"":""2026-09-15T17:42:15.374+00:00"",""recorded_by"":""Emma""}"
140,2026-09-15T17:42:23.798136+00:00,Emma,update,day_log,2026-09-14,"{""notes"":""- Leaves are too small to read on SPAD""}"
141,2026-09-15T17:42:24.940144+00:00,Emma,update,day_log,2026-09-14,"{""notes"":""- Leaves are too small to read on SPAD\n-""}"
142,2026-09-15T17:42:34.332588+00:00,Emma,update,day_log,2026-09-14,"{""notes"":""- Leaves are too small to read on SPAD\n- All pots watered with 1/6 gallon of water""}"
143,2026-09-15T18:11:25.777453+00:00,Emma,update,measurements,2026-09-14 / plant 1,"{""height_cm"":0}"
144,2026-09-15T18:11:26.966364+00:00,Emma,update,measurements,2026-09-14 / plant 1,"{""leaves"":0}"
145,2026-09-15T18:11:33.71531+00:00,Emma,update,measurements,2026-09-14 / plant 2,"{""height_cm"":0}"
146,2026-09-15T18:11:35.137487+00:00,Emma,update,measurements,2026-09-14 / plant 2,"{""leaves"":0}"
147,2026-09-15T18:11:37.48853+00:00,Emma,update,measurements,2026-09-14 / plant 3,"{""height_cm"":0}"
148,2026-09-15T18:11:38.345657+00:00,Emma,update,measurements,2026-09-14 / plant 3,"{""leaves"":0}"
149,2026-09-15T18:11:39.898745+00:00,Emma,update,measurements,2026-09-14 / plant 6,"{""height_cm"":0}"
150,2026-09-15T18:11:41.127143+00:00,Emma,update,measurements,2026-09-14 / plant 6,"{""leaves"":0}"
151,2026-09-15T18:11:43.157691+00:00,Emma,update,measurements,2026-09-14 / plant 4,"{""leaves"":0}"
152,2026-09-15T18:11:46.207053+00:00,Emma,update,measurements,2026-09-14 / plant 7,"{""height_cm"":0}"
153,2026-09-15T18:11:52.911379+00:00,Emma,insert,measurements,2026-09-13 / plant 1,"{""lai"":null,""note"":null,""spad"":null,""leaves"":null,""obs_date"":""2026-09-13"",""plant_id"":1,""height_cm"":0,""updated_at"":""2026-09-15T18:11:52.776+00:00"",""recorded_by"":""Emma"",""internode_cm"":null}"
154,2026-09-15T18:11:53.856802+00:00,Emma,update,measurements,2026-09-13 / plant 1,"{""leaves"":0}"
155,2026-09-15T18:11:55.47382+00:00,Emma,insert,measurements,2026-09-13 / plant 2,"{""lai"":null,""note"":null,""spad"":null,""leaves"":null,""obs_date"":""2026-09-13"",""plant_id"":2,""height_cm"":0,""updated_at"":""2026-09-15T18:11:55.338+00:00"",""recorded_by"":""Emma"",""internode_cm"":null}"
156,2026-09-15T18:11:56.429025+00:00,Emma,update,measurements,2026-09-13 / plant 2,"{""leaves"":0}"
157,2026-09-15T18:11:58.120615+00:00,Emma,insert,measurements,2026-09-13 / plant 3,"{""lai"":null,""note"":null,""spad"":null,""leaves"":null,""obs_date"":""2026-09-13"",""plant_id"":3,""height_cm"":0,""updated_at"":""2026-09-15T18:11:57.981+00:00"",""recorded_by"":""Emma"",""internode_cm"":null}"
158,2026-09-15T18:11:59.062568+00:00,Emma,update,measurements,2026-09-13 / plant 3,"{""leaves"":0}"
159,2026-09-15T18:12:08.730565+00:00,Emma,update,measurements,2026-09-13 / plant 3,"{""leaves"":null}"
160,2026-09-15T18:12:10.100291+00:00,Emma,delete,measurements,2026-09-13 / plant 3,"{""lai"":null,""note"":null,""spad"":null,""leaves"":null,""obs_date"":""2026-09-13"",""plant_id"":3,""height_cm"":0,""updated_at"":""2026-09-15T18:12:08.596+00:00"",""recorded_by"":""Emma"",""internode_cm"":null}"
161,2026-09-15T18:12:11.057702+00:00,Emma,update,measurements,2026-09-13 / plant 2,"{""leaves"":null}"
162,2026-09-15T18:12:12.08702+00:00,Emma,delete,measurements,2026-09-13 / plant 2,"{""lai"":null,""note"":null,""spad"":null,""leaves"":null,""obs_date"":""2026-09-13"",""plant_id"":2,""height_cm"":0,""updated_at"":""2026-09-15T18:12:10.914+00:00"",""recorded_by"":""Emma"",""internode_cm"":null}"
163,2026-09-15T18:12:13.055669+00:00,Emma,update,measurements,2026-09-13 / plant 1,"{""leaves"":null}"
164,2026-09-15T18:12:14.379057+00:00,Emma,delete,measurements,2026-09-13 / plant 1,"{""lai"":null,""note"":null,""spad"":null,""leaves"":null,""obs_date"":""2026-09-13"",""plant_id"":1,""height_cm"":0,""updated_at"":""2026-09-15T18:12:12.917+00:00"",""recorded_by"":""Emma"",""internode_cm"":null}"
165,2026-09-15T18:12:24.183121+00:00,Emma,update,measurements,2026-09-11 / plant 1,"{""leaves"":1}"
166,2026-09-15T18:12:26.029816+00:00,Emma,update,measurements,2026-09-11 / plant 1,"{""leaves"":0}"
167,2026-09-15T18:12:31.047445+00:00,Emma,update,measurements,2026-09-11 / plant 2,"{""leaves"":0}"
168,2026-09-15T18:12:35.35469+00:00,Emma,update,measurements,2026-09-11 / plant 2,"{""height_cm"":0}"
169,2026-09-15T18:12:38.274827+00:00,Emma,update,measurements,2026-09-11 / plant 1,"{""height_cm"":0}"
170,2026-09-15T18:12:39.748401+00:00,Emma,update,measurements,2026-09-11 / plant 3,"{""height_cm"":0}"
171,2026-09-15T18:12:40.450858+00:00,Emma,update,measurements,2026-09-11 / plant 3,"{""leaves"":0}"
172,2026-09-15T18:12:44.610527+00:00,Emma,update,measurements,2026-09-11 / plant 6,"{""height_cm"":0}"
173,2026-09-15T18:12:46.115878+00:00,Emma,update,measurements,2026-09-11 / plant 6,"{""leaves"":0}"
174,2026-09-15T18:12:49.498571+00:00,Emma,update,measurements,2026-09-11 / plant 4,"{""height_cm"":0}"
175,2026-09-15T18:12:50.90766+00:00,Emma,update,measurements,2026-09-11 / plant 4,"{""leaves"":0}"
176,2026-09-15T18:12:53.794059+00:00,Emma,update,measurements,2026-09-11 / plant 7,"{""height_cm"":0}"
177,2026-09-15T18:12:55.607471+00:00,Emma,update,measurements,2026-09-11 / plant 7,"{""leaves"":0}"
178,2026-09-15T18:13:05.821474+00:00,Emma,update,measurements,2026-09-10 / plant 1,"{""height_cm"":0}"
179,2026-09-15T18:13:06.565595+00:00,Emma,update,measurements,2026-09-10 / plant 1,"{""leaves"":0}"
180,2026-09-15T18:13:07.880785+00:00,Emma,update,measurements,2026-09-10 / plant 2,"{""height_cm"":0}"
181,2026-09-15T18:13:08.838411+00:00,Emma,update,measurements,2026-09-10 / plant 2,"{""leaves"":0}"
182,2026-09-15T18:13:10.276157+00:00,Emma,update,measurements,2026-09-10 / plant 3,"{""height_cm"":0}"
183,2026-09-15T18:13:11.144952+00:00,Emma,update,measurements,2026-09-10 / plant 3,"{""leaves"":0}"
184,2026-09-15T18:13:12.849675+00:00,Emma,update,measurements,2026-09-10 / plant 6,"{""leaves"":0}"
185,2026-09-15T18:13:13.598381+00:00,Emma,update,measurements,2026-09-10 / plant 6,"{""height_cm"":0}"
186,2026-09-15T18:13:15.219223+00:00,Emma,update,measurements,2026-09-10 / plant 5,"{""leaves"":0}"
187,2026-09-15T18:13:16.515017+00:00,Emma,update,measurements,2026-09-10 / plant 4,"{""leaves"":0}"
188,2026-09-15T18:13:17.897709+00:00,Emma,update,measurements,2026-09-10 / plant 4,"{""height_cm"":0}"
189,2026-09-15T18:13:20.190792+00:00,Emma,update,measurements,2026-09-10 / plant 7,"{""height_cm"":0}"
190,2026-09-15T18:13:20.949405+00:00,Emma,update,measurements,2026-09-10 / plant 7,"{""leaves"":0}"
191,2026-09-15T18:13:22.846055+00:00,Emma,update,measurements,2026-09-10 / plant 8,"{""leaves"":0}"
192,2026-09-15T18:13:24.409363+00:00,Emma,update,measurements,2026-09-10 / plant 9,"{""leaves"":0}"
193,2026-09-15T18:13:26.261119+00:00,Emma,update,measurements,2026-09-10 / plant 12,"{""leaves"":0}"
194,2026-09-15T18:13:27.590905+00:00,Emma,update,measurements,2026-09-10 / plant 11,"{""leaves"":0}"
195,2026-09-15T18:13:29.043052+00:00,Emma,update,measurements,2026-09-10 / plant 10,"{""leaves"":0}"
196,2026-09-15T18:13:34.794347+00:00,Emma,update,measurements,2026-09-09 / plant 1,"{""height_cm"":0}"
197,2026-09-15T18:13:35.875493+00:00,Emma,update,measurements,2026-09-09 / plant 1,"{""leaves"":0}"
198,2026-09-15T18:13:38.048926+00:00,Emma,update,measurements,2026-09-09 / plant 2,"{""height_cm"":0}"
199,2026-09-15T18:13:39.076558+00:00,Emma,update,measurements,2026-09-09 / plant 2,"{""leaves"":0}"
200,2026-09-15T18:13:40.641334+00:00,Emma,update,measurements,2026-09-09 / plant 3,"{""height_cm"":0}"
201,2026-09-15T18:13:41.545958+00:00,Emma,update,measurements,2026-09-09 / plant 3,"{""leaves"":0}"
202,2026-09-15T18:13:42.987951+00:00,Emma,update,measurements,2026-09-09 / plant 6,"{""leaves"":0}"
203,2026-09-15T18:13:44.135407+00:00,Emma,update,measurements,2026-09-09 / plant 6,"{""height_cm"":0}"
204,2026-09-15T18:13:45.581135+00:00,Emma,update,measurements,2026-09-09 / plant 5,"{""leaves"":0}"
205,2026-09-15T18:13:46.732702+00:00,Emma,update,measurements,2026-09-09 / plant 5,"{""height_cm"":0}"
206,2026-09-15T18:13:48.224486+00:00,Emma,update,measurements,2026-09-09 / plant 4,"{""leaves"":0}"
207,2026-09-15T18:13:49.62874+00:00,Emma,update,measurements,2026-09-09 / plant 4,"{""height_cm"":0}"
208,2026-09-15T18:13:53.549338+00:00,Emma,update,measurements,2026-09-09 / plant 7,"{""height_cm"":0}"
209,2026-09-15T18:13:54.760272+00:00,Emma,update,measurements,2026-09-09 / plant 7,"{""leaves"":0}"
210,2026-09-15T18:13:57.8155+00:00,Emma,update,measurements,2026-09-09 / plant 8,"{""height_cm"":0}"
211,2026-09-15T18:13:58.72368+00:00,Emma,update,measurements,2026-09-09 / plant 8,"{""leaves"":0}"
212,2026-09-15T18:13:59.845921+00:00,Emma,update,measurements,2026-09-09 / plant 9,"{""height_cm"":0}"
213,2026-09-15T18:14:00.911377+00:00,Emma,update,measurements,2026-09-09 / plant 9,"{""leaves"":0}"
214,2026-09-15T18:14:02.994104+00:00,Emma,update,measurements,2026-09-09 / plant 12,"{""leaves"":0}"
215,2026-09-15T18:14:03.742504+00:00,Emma,update,measurements,2026-09-09 / plant 12,"{""height_cm"":0}"
216,2026-09-15T18:14:05.029286+00:00,Emma,update,measurements,2026-09-09 / plant 11,"{""leaves"":0}"
217,2026-09-15T18:14:06.01818+00:00,Emma,update,measurements,2026-09-09 / plant 11,"{""height_cm"":0}"
218,2026-09-15T18:14:08.082161+00:00,Emma,update,measurements,2026-09-09 / plant 10,"{""leaves"":0}"
219,2026-09-15T18:14:09.06873+00:00,Emma,update,measurements,2026-09-09 / plant 10,"{""height_cm"":0}"
220,2026-09-15T18:14:14.068845+00:00,Emma,update,measurements,2026-09-08 / plant 1,"{""height_cm"":0}"
221,2026-09-15T18:14:14.845496+00:00,Emma,update,measurements,2026-09-08 / plant 1,"{""leaves"":0}"
222,2026-09-15T18:14:17.974557+00:00,Emma,update,measurements,2026-09-08 / plant 2,"{""height_cm"":0}"
223,2026-09-15T18:14:19.59745+00:00,Emma,update,measurements,2026-09-08 / plant 2,"{""leaves"":0}"
224,2026-09-15T18:14:22.227871+00:00,Emma,update,measurements,2026-09-08 / plant 3,"{""height_cm"":0}"
225,2026-09-15T18:14:22.971766+00:00,Emma,update,measurements,2026-09-08 / plant 3,"{""leaves"":0}"
226,2026-09-15T18:14:25.041624+00:00,Emma,update,measurements,2026-09-08 / plant 6,"{""leaves"":0}"
227,2026-09-15T18:14:25.760964+00:00,Emma,update,measurements,2026-09-08 / plant 6,"{""height_cm"":0}"
228,2026-09-15T18:14:27.299342+00:00,Emma,update,measurements,2026-09-08 / plant 5,"{""leaves"":0}"
229,2026-09-15T18:14:29.441653+00:00,Emma,update,measurements,2026-09-08 / plant 5,"{""height_cm"":0}"
230,2026-09-15T22:22:30.510815+00:00,Emma,update,measurements,2026-09-08 / plant 4,"{""leaves"":0}"
231,2026-09-15T22:22:32.12138+00:00,Emma,update,measurements,2026-09-08 / plant 4,"{""height_cm"":0}"
232,2026-09-15T22:22:44.509166+00:00,Emma,update,measurements,2026-09-08 / plant 9,"{""leaves"":0}"
233,2026-09-15T22:22:45.299798+00:00,Emma,update,measurements,2026-09-08 / plant 9,"{""height_cm"":0}"
234,2026-09-15T22:22:46.429046+00:00,Emma,update,measurements,2026-09-08 / plant 8,"{""internode_cm"":0}"
235,2026-09-15T22:22:47.484744+00:00,Emma,update,measurements,2026-09-08 / plant 8,"{""leaves"":0}"
236,2026-09-15T22:22:48.539913+00:00,Emma,update,measurements,2026-09-08 / plant 8,"{""height_cm"":0}"
237,2026-09-15T22:22:49.669981+00:00,Emma,update,measurements,2026-09-08 / plant 7,"{""internode_cm"":0}"
238,2026-09-15T22:22:50.608396+00:00,Emma,update,measurements,2026-09-08 / plant 7,"{""leaves"":0}"
239,2026-09-15T22:22:51.609287+00:00,Emma,update,measurements,2026-09-08 / plant 7,"{""height_cm"":0}"
240,2026-09-15T22:22:53.61784+00:00,Emma,update,measurements,2026-09-08 / plant 10,"{""height_cm"":0}"
241,2026-09-15T22:22:54.414122+00:00,Emma,update,measurements,2026-09-08 / plant 10,"{""leaves"":0}"
242,2026-09-15T22:22:55.454979+00:00,Emma,update,measurements,2026-09-08 / plant 10,"{""internode_cm"":0}"
243,2026-09-15T22:22:56.840412+00:00,Emma,update,measurements,2026-09-08 / plant 11,"{""height_cm"":0}"
244,2026-09-15T22:22:57.882217+00:00,Emma,update,measurements,2026-09-08 / plant 11,"{""leaves"":0}"
245,2026-09-15T22:22:58.796006+00:00,Emma,update,measurements,2026-09-08 / plant 11,"{""internode_cm"":0}"
246,2026-09-15T22:23:00.193977+00:00,Emma,update,measurements,2026-09-08 / plant 12,"{""height_cm"":0}"
247,2026-09-15T22:23:01.136909+00:00,Emma,update,measurements,2026-09-08 / plant 12,"{""leaves"":0}"
248,2026-09-15T22:23:02.606541+00:00,Emma,update,measurements,2026-09-08 / plant 12,"{""internode_cm"":0}"
249,2026-09-15T22:23:16.235786+00:00,Emma,insert,measurements,2026-09-07 / plant 1,"{""lai"":null,""note"":null,""spad"":null,""leaves"":null,""obs_date"":""2026-09-07"",""plant_id"":1,""height_cm"":0,""updated_at"":""2026-09-15T22:23:15.911+00:00"",""recorded_by"":""Emma"",""internode_cm"":null}"
250,2026-09-15T22:23:17.41824+00:00,Emma,update,measurements,2026-09-07 / plant 1,"{""leaves"":0}"
251,2026-09-15T22:23:19.426985+00:00,Emma,insert,measurements,2026-09-07 / plant 2,"{""lai"":null,""note"":null,""spad"":null,""leaves"":null,""obs_date"":""2026-09-07"",""plant_id"":2,""height_cm"":0,""updated_at"":""2026-09-15T22:23:19.071+00:00"",""recorded_by"":""Emma"",""internode_cm"":null}"
252,2026-09-15T22:23:20.628996+00:00,Emma,update,measurements,2026-09-07 / plant 2,"{""leaves"":0}"
253,2026-09-15T22:23:22.685131+00:00,Emma,insert,measurements,2026-09-07 / plant 3,"{""lai"":null,""note"":null,""spad"":null,""leaves"":null,""obs_date"":""2026-09-07"",""plant_id"":3,""height_cm"":0,""updated_at"":""2026-09-15T22:23:22.511+00:00"",""recorded_by"":""Emma"",""internode_cm"":null}"
254,2026-09-15T22:23:23.864472+00:00,Emma,update,measurements,2026-09-07 / plant 3,"{""leaves"":0}"
255,2026-09-15T22:23:25.638987+00:00,Emma,insert,measurements,2026-09-07 / plant 6,"{""lai"":null,""note"":null,""spad"":null,""leaves"":0,""obs_date"":""2026-09-07"",""plant_id"":6,""height_cm"":null,""updated_at"":""2026-09-15T22:23:25.46+00:00"",""recorded_by"":""Emma"",""internode_cm"":null}"
256,2026-09-15T22:23:26.445336+00:00,Emma,update,measurements,2026-09-07 / plant 6,"{""height_cm"":0}"
257,2026-09-15T22:23:28.172349+00:00,Emma,insert,measurements,2026-09-07 / plant 5,"{""lai"":null,""note"":null,""spad"":null,""leaves"":0,""obs_date"":""2026-09-07"",""plant_id"":5,""height_cm"":null,""updated_at"":""2026-09-15T22:23:27.99+00:00"",""recorded_by"":""Emma"",""internode_cm"":null}"
258,2026-09-15T22:23:29.326473+00:00,Emma,update,measurements,2026-09-07 / plant 5,"{""height_cm"":0}"
259,2026-09-15T22:23:30.822613+00:00,Emma,insert,measurements,2026-09-07 / plant 4,"{""lai"":null,""note"":null,""spad"":null,""leaves"":0,""obs_date"":""2026-09-07"",""plant_id"":4,""height_cm"":null,""updated_at"":""2026-09-15T22:23:30.643+00:00"",""recorded_by"":""Emma"",""internode_cm"":null}"
260,2026-09-15T22:23:31.87755+00:00,Emma,update,measurements,2026-09-07 / plant 4,"{""height_cm"":0}"
261,2026-09-15T22:23:35.00124+00:00,Emma,insert,measurements,2026-09-07 / plant 7,"{""lai"":null,""note"":null,""spad"":null,""leaves"":null,""obs_date"":""2026-09-07"",""plant_id"":7,""height_cm"":0,""updated_at"":""2026-09-15T22:23:34.822+00:00"",""recorded_by"":""Emma"",""internode_cm"":null}"
262,2026-09-15T22:23:36.341655+00:00,Emma,update,measurements,2026-09-07 / plant 7,"{""leaves"":0}"
263,2026-09-15T22:23:38.440426+00:00,Emma,insert,measurements,2026-09-07 / plant 8,"{""lai"":null,""note"":null,""spad"":null,""leaves"":null,""obs_date"":""2026-09-07"",""plant_id"":8,""height_cm"":0,""updated_at"":""2026-09-15T22:23:38.265+00:00"",""recorded_by"":""Emma"",""internode_cm"":null}"
264,2026-09-15T22:23:39.737228+00:00,Emma,update,measurements,2026-09-07 / plant 8,"{""leaves"":0}"
265,2026-09-15T22:23:41.001694+00:00,Emma,insert,measurements,2026-09-07 / plant 9,"{""lai"":null,""note"":null,""spad"":null,""leaves"":null,""obs_date"":""2026-09-07"",""plant_id"":9,""height_cm"":0,""updated_at"":""2026-09-15T22:23:40.822+00:00"",""recorded_by"":""Emma"",""internode_cm"":null}"
266,2026-09-15T22:23:41.882511+00:00,Emma,update,measurements,2026-09-07 / plant 9,"{""leaves"":0}"
267,2026-09-15T22:23:44.162387+00:00,Emma,insert,measurements,2026-09-07 / plant 12,"{""lai"":null,""note"":null,""spad"":null,""leaves"":0,""obs_date"":""2026-09-07"",""plant_id"":12,""height_cm"":null,""updated_at"":""2026-09-15T22:23:43.984+00:00"",""recorded_by"":""Emma"",""internode_cm"":null}"
268,2026-09-15T22:23:45.04123+00:00,Emma,update,measurements,2026-09-07 / plant 12,"{""height_cm"":0}"
269,2026-09-15T22:23:46.212346+00:00,Emma,insert,measurements,2026-09-07 / plant 11,"{""lai"":null,""note"":null,""spad"":null,""leaves"":0,""obs_date"":""2026-09-07"",""plant_id"":11,""height_cm"":null,""updated_at"":""2026-09-15T22:23:46.022+00:00"",""recorded_by"":""Emma"",""internode_cm"":null}"
270,2026-09-15T22:23:47.501743+00:00,Emma,update,measurements,2026-09-07 / plant 11,"{""height_cm"":0}"
271,2026-09-15T22:23:49.143103+00:00,Emma,insert,measurements,2026-09-07 / plant 10,"{""lai"":null,""note"":null,""spad"":null,""leaves"":0,""obs_date"":""2026-09-07"",""plant_id"":10,""height_cm"":null,""updated_at"":""2026-09-15T22:23:48.946+00:00"",""recorded_by"":""Emma"",""internode_cm"":null}"
272,2026-09-15T22:23:50.118813+00:00,Emma,update,measurements,2026-09-07 / plant 10,"{""height_cm"":0}"
273,2026-09-15T22:23:54.115844+00:00,Emma,insert,measurements,2026-09-06 / plant 1,"{""lai"":null,""note"":null,""spad"":null,""leaves"":null,""obs_date"":""2026-09-06"",""plant_id"":1,""height_cm"":0,""updated_at"":""2026-09-15T22:23:53.936+00:00"",""recorded_by"":""Emma"",""internode_cm"":null}"
274,2026-09-15T22:23:55.505315+00:00,Emma,update,measurements,2026-09-06 / plant 1,"{""leaves"":0}"
275,2026-09-15T22:23:56.963541+00:00,Emma,insert,measurements,2026-09-06 / plant 2,"{""lai"":null,""note"":null,""spad"":null,""leaves"":null,""obs_date"":""2026-09-06"",""plant_id"":2,""height_cm"":0,""updated_at"":""2026-09-15T22:23:56.776+00:00"",""recorded_by"":""Emma"",""internode_cm"":null}"
276,2026-09-15T22:23:57.826009+00:00,Emma,update,measurements,2026-09-06 / plant 2,"{""leaves"":0}"
277,2026-09-15T22:23:59.320872+00:00,Emma,insert,measurements,2026-09-06 / plant 3,"{""lai"":null,""note"":null,""spad"":null,""leaves"":null,""obs_date"":""2026-09-06"",""plant_id"":3,""height_cm"":0,""updated_at"":""2026-09-15T22:23:59.138+00:00"",""recorded_by"":""Emma"",""internode_cm"":null}"
278,2026-09-15T22:24:00.183189+00:00,Emma,update,measurements,2026-09-06 / plant 3,"{""leaves"":0}"
279,2026-09-15T22:24:06.063797+00:00,Emma,update,measurements,2026-09-06 / plant 3,"{""leaves"":null}"
280,2026-09-15T22:24:07.68693+00:00,Emma,delete,measurements,2026-09-06 / plant 3,"{""lai"":null,""note"":null,""spad"":null,""leaves"":null,""obs_date"":""2026-09-06"",""plant_id"":3,""height_cm"":0,""updated_at"":""2026-09-15T22:24:05.882+00:00"",""recorded_by"":""Emma"",""internode_cm"":null}"
281,2026-09-15T22:24:09.50572+00:00,Emma,update,measurements,2026-09-06 / plant 2,"{""leaves"":null}"
282,2026-09-15T22:24:10.93315+00:00,Emma,delete,measurements,2026-09-06 / plant 2,"{""lai"":null,""note"":null,""spad"":null,""leaves"":null,""obs_date"":""2026-09-06"",""plant_id"":2,""height_cm"":0,""updated_at"":""2026-09-15T22:24:09.33+00:00"",""recorded_by"":""Emma"",""internode_cm"":null}"
283,2026-09-15T22:24:13.546723+00:00,Emma,update,measurements,2026-09-06 / plant 1,"{""leaves"":null}"
284,2026-09-15T22:24:14.477397+00:00,Emma,delete,measurements,2026-09-06 / plant 1,"{""lai"":null,""note"":null,""spad"":null,""leaves"":null,""obs_date"":""2026-09-06"",""plant_id"":1,""height_cm"":0,""updated_at"":""2026-09-15T22:24:13.373+00:00"",""recorded_by"":""Emma"",""internode_cm"":null}"
285,2026-09-15T22:24:51.95092+00:00,Emma,insert,measurements,2026-09-15 / plant 1,"{""lai"":null,""note"":null,""spad"":null,""leaves"":null,""obs_date"":""2026-09-15"",""plant_id"":1,""height_cm"":0,""updated_at"":""2026-09-15T22:24:51.623+00:00"",""recorded_by"":""Emma"",""internode_cm"":null}"
286,2026-09-15T22:24:54.329849+00:00,Emma,update,measurements,2026-09-15 / plant 1,"{""leaves"":0}"
287,2026-09-15T22:24:55.40833+00:00,Emma,insert,measurements,2026-09-15 / plant 2,"{""lai"":null,""note"":null,""spad"":null,""leaves"":null,""obs_date"":""2026-09-15"",""plant_id"":2,""height_cm"":0,""updated_at"":""2026-09-15T22:24:55.228+00:00"",""recorded_by"":""Emma"",""internode_cm"":null}"
288,2026-09-15T22:24:56.416819+00:00,Emma,update,measurements,2026-09-15 / plant 2,"{""leaves"":0}"
289,2026-09-15T22:24:57.982766+00:00,Emma,insert,measurements,2026-09-15 / plant 3,"{""lai"":null,""note"":null,""spad"":null,""leaves"":null,""obs_date"":""2026-09-15"",""plant_id"":3,""height_cm"":0,""updated_at"":""2026-09-15T22:24:57.797+00:00"",""recorded_by"":""Emma"",""internode_cm"":null}"
290,2026-09-15T22:24:59.097504+00:00,Emma,update,measurements,2026-09-15 / plant 3,"{""leaves"":0}"
291,2026-09-15T22:25:03.435575+00:00,Emma,insert,measurements,2026-09-15 / plant 6,"{""lai"":null,""note"":null,""spad"":null,""leaves"":0,""obs_date"":""2026-09-15"",""plant_id"":6,""height_cm"":null,""updated_at"":""2026-09-15T22:25:03.259+00:00"",""recorded_by"":""Emma"",""internode_cm"":null}"
292,2026-09-15T22:25:04.276837+00:00,Emma,update,measurements,2026-09-15 / plant 6,"{""height_cm"":0}"
293,2026-09-15T22:25:08.657017+00:00,Emma,insert,measurements,2026-09-15 / plant 4,"{""lai"":null,""note"":null,""spad"":null,""leaves"":null,""obs_date"":""2026-09-15"",""plant_id"":4,""height_cm"":6,""updated_at"":""2026-09-15T22:25:08.469+00:00"",""recorded_by"":""Emma"",""internode_cm"":null}"
294,2026-09-15T22:25:10.654258+00:00,Emma,update,measurements,2026-09-15 / plant 4,"{""leaves"":1}"
295,2026-09-15T22:25:13.734658+00:00,Emma,insert,measurements,2026-09-15 / plant 5,"{""lai"":null,""note"":null,""spad"":null,""leaves"":null,""obs_date"":""2026-09-15"",""plant_id"":5,""height_cm"":2,""updated_at"":""2026-09-15T22:25:13.557+00:00"",""recorded_by"":""Emma"",""internode_cm"":null}"
296,2026-09-15T22:25:16.103334+00:00,Emma,update,measurements,2026-09-15 / plant 5,"{""leaves"":2}"
297,2026-09-15T22:25:26.1068+00:00,Emma,update,measurements,2026-09-15 / plant 5,"{""height_cm"":null}"
298,2026-09-15T22:25:27.03628+00:00,Emma,update,measurements,2026-09-15 / plant 5,"{""height_cm"":7}"
299,2026-09-15T22:25:32.088391+00:00,Emma,insert,measurements,2026-09-15 / plant 7,"{""lai"":null,""note"":null,""spad"":null,""leaves"":null,""obs_date"":""2026-09-15"",""plant_id"":7,""height_cm"":0,""updated_at"":""2026-09-15T22:25:31.899+00:00"",""recorded_by"":""Emma"",""internode_cm"":null}"
300,2026-09-15T22:25:32.920321+00:00,Emma,update,measurements,2026-09-15 / plant 7,"{""leaves"":0}"
301,2026-09-15T22:25:40.856795+00:00,Emma,insert,measurements,2026-09-15 / plant 8,"{""lai"":null,""note"":null,""spad"":null,""leaves"":null,""obs_date"":""2026-09-15"",""plant_id"":8,""height_cm"":7,""updated_at"":""2026-09-15T22:25:40.674+00:00"",""recorded_by"":""Emma"",""internode_cm"":null}"
302,2026-09-15T22:25:44.181143+00:00,Emma,update,measurements,2026-09-15 / plant 8,"{""leaves"":3}"
303,2026-09-15T22:25:49.500407+00:00,Emma,insert,measurements,2026-09-15 / plant 9,"{""lai"":null,""note"":null,""spad"":null,""leaves"":null,""obs_date"":""2026-09-15"",""plant_id"":9,""height_cm"":7.5,""updated_at"":""2026-09-15T22:25:49.322+00:00"",""recorded_by"":""Emma"",""internode_cm"":null}"
304,2026-09-15T22:25:53.962014+00:00,Emma,update,measurements,2026-09-15 / plant 9,"{""leaves"":2}"
305,2026-09-15T22:25:57.68116+00:00,Emma,insert,measurements,2026-09-15 / plant 10,"{""lai"":null,""note"":null,""spad"":null,""leaves"":null,""obs_date"":""2026-09-15"",""plant_id"":10,""height_cm"":6,""updated_at"":""2026-09-15T22:25:57.487+00:00"",""recorded_by"":""Emma"",""internode_cm"":null}"
306,2026-09-15T22:25:59.592995+00:00,Emma,update,measurements,2026-09-15 / plant 10,"{""leaves"":3}"
307,2026-09-15T22:26:01.540001+00:00,Emma,insert,measurements,2026-09-15 / plant 11,"{""lai"":null,""note"":null,""spad"":null,""leaves"":null,""obs_date"":""2026-09-15"",""plant_id"":11,""height_cm"":5,""updated_at"":""2026-09-15T22:26:01.36+00:00"",""recorded_by"":""Emma"",""internode_cm"":null}"
308,2026-09-15T22:26:03.521688+00:00,Emma,update,measurements,2026-09-15 / plant 11,"{""leaves"":2}"
309,2026-09-15T22:26:06.446121+00:00,Emma,insert,measurements,2026-09-15 / plant 12,"{""lai"":null,""note"":null,""spad"":null,""leaves"":null,""obs_date"":""2026-09-15"",""plant_id"":12,""height_cm"":8.5,""updated_at"":""2026-09-15T22:26:06.268+00:00"",""recorded_by"":""Emma"",""internode_cm"":null}"
310,2026-09-15T22:26:08.056625+00:00,Emma,update,measurements,2026-09-15 / plant 12,"{""leaves"":2}"
311,2026-09-15T22:26:17.953752+00:00,Emma,update,measurements,2026-09-15 / plant 12,"{""height_cm"":9.5}"
312,2026-09-17T23:22:14.862762+00:00,Emma,update,measurements,2026-09-15 / plant 12,"{""leaves"":3}"
313,2026-09-17T23:22:21.768822+00:00,Emma,update,measurements,2026-09-15 / plant 10,"{""leaves"":2}"
314,2026-09-21T18:13:45.271325+00:00,Emma,update,measurements,2026-09-08 / plant 7,"{""internode_cm"":null}"
315,2026-09-21T18:13:46.770921+00:00,Emma,update,measurements,2026-09-08 / plant 8,"{""internode_cm"":null}"
316,2026-09-21T18:13:49.19603+00:00,Emma,update,measurements,2026-09-08 / plant 12,"{""internode_cm"":null}"
317,2026-09-21T18:13:50.52538+00:00,Emma,update,measurements,2026-09-08 / plant 11,"{""internode_cm"":null}"
318,2026-09-21T18:13:51.839933+00:00,Emma,update,measurements,2026-09-08 / plant 10,"{""internode_cm"":null}"
319,2026-09-21T18:23:38.95852+00:00,Emma,insert,measurements,2026-09-21 / plant 1,"{""lai"":null,""note"":null,""spad"":null,""leaves"":null,""obs_date"":""2026-09-21"",""plant_id"":1,""height_cm"":0,""updated_at"":""2026-09-21T18:23:38.317+00:00"",""recorded_by"":""Emma"",""internode_cm"":null}"
320,2026-09-21T18:23:40.483563+00:00,Emma,update,measurements,2026-09-21 / plant 1,"{""leaves"":0}"
321,2026-09-21T18:23:41.694937+00:00,Emma,insert,measurements,2026-09-21 / plant 2,"{""lai"":null,""note"":null,""spad"":null,""leaves"":null,""obs_date"":""2026-09-21"",""plant_id"":2,""height_cm"":0,""updated_at"":""2026-09-21T18:23:41.55+00:00"",""recorded_by"":""Emma"",""internode_cm"":null}"
322,2026-09-21T18:23:42.721225+00:00,Emma,update,measurements,2026-09-21 / plant 2,"{""leaves"":0}"
323,2026-09-21T18:23:43.718714+00:00,Emma,insert,measurements,2026-09-21 / plant 3,"{""lai"":null,""note"":null,""spad"":null,""leaves"":null,""obs_date"":""2026-09-21"",""plant_id"":3,""height_cm"":0,""updated_at"":""2026-09-21T18:23:43.575+00:00"",""recorded_by"":""Emma"",""internode_cm"":null}"
324,2026-09-21T18:23:44.385566+00:00,Emma,update,measurements,2026-09-21 / plant 3,"{""leaves"":0}"
325,2026-09-21T18:23:48.612283+00:00,Emma,insert,measurements,2026-09-21 / plant 6,"{""lai"":null,""note"":null,""spad"":null,""leaves"":null,""obs_date"":""2026-09-21"",""plant_id"":6,""height_cm"":0,""updated_at"":""2026-09-21T18:23:48.417+00:00"",""recorded_by"":""Emma"",""internode_cm"":null}"
326,2026-09-21T18:23:49.224697+00:00,Emma,update,measurements,2026-09-21 / plant 6,"{""leaves"":0}"
327,2026-09-21T18:23:53.189317+00:00,Emma,insert,measurements,2026-09-21 / plant 4,"{""lai"":null,""note"":null,""spad"":null,""leaves"":null,""obs_date"":""2026-09-21"",""plant_id"":4,""height_cm"":6,""updated_at"":""2026-09-21T18:23:53.061+00:00"",""recorded_by"":""Emma"",""internode_cm"":null}"
328,2026-09-21T18:23:59.04752+00:00,Emma,update,measurements,2026-09-21 / plant 4,"{""leaves"":4}"
329,2026-09-21T18:24:06.566854+00:00,Emma,insert,measurements,2026-09-21 / plant 5,"{""lai"":null,""note"":null,""spad"":null,""leaves"":null,""obs_date"":""2026-09-21"",""plant_id"":5,""height_cm"":12,""updated_at"":""2026-09-21T18:24:06.434+00:00"",""recorded_by"":""Emma"",""internode_cm"":null}"
330,2026-09-21T18:24:08.637008+00:00,Emma,update,measurements,2026-09-21 / plant 5,"{""leaves"":5}"
331,2026-09-21T18:24:13.160544+00:00,Emma,insert,measurements,2026-09-21 / plant 7,"{""lai"":null,""note"":null,""spad"":null,""leaves"":null,""obs_date"":""2026-09-21"",""plant_id"":7,""height_cm"":0,""updated_at"":""2026-09-21T18:24:12.814+00:00"",""recorded_by"":""Emma"",""internode_cm"":null}"
332,2026-09-21T18:24:13.654368+00:00,Emma,update,measurements,2026-09-21 / plant 7,"{""leaves"":0}"
333,2026-09-21T18:24:16.21616+00:00,Emma,insert,measurements,2026-09-21 / plant 8,"{""lai"":null,""note"":null,""spad"":null,""leaves"":null,""obs_date"":""2026-09-21"",""plant_id"":8,""height_cm"":14,""updated_at"":""2026-09-21T18:24:16.1+00:00"",""recorded_by"":""Emma"",""internode_cm"":null}"
334,2026-09-21T18:24:18.937328+00:00,Emma,update,measurements,2026-09-21 / plant 8,"{""leaves"":5}"
335,2026-09-21T18:24:21.293163+00:00,Emma,insert,measurements,2026-09-21 / plant 9,"{""lai"":null,""note"":null,""spad"":null,""leaves"":null,""obs_date"":""2026-09-21"",""plant_id"":9,""height_cm"":14,""updated_at"":""2026-09-21T18:24:21.179+00:00"",""recorded_by"":""Emma"",""internode_cm"":null}"
336,2026-09-21T18:24:23.619752+00:00,Emma,update,measurements,2026-09-21 / plant 9,"{""leaves"":4}"
337,2026-09-21T18:24:29.483022+00:00,Emma,insert,measurements,2026-09-21 / plant 10,"{""lai"":null,""note"":null,""spad"":null,""leaves"":null,""obs_date"":""2026-09-21"",""plant_id"":10,""height_cm"":11.5,""updated_at"":""2026-09-21T18:24:29.377+00:00"",""recorded_by"":""Emma"",""internode_cm"":null}"
338,2026-09-21T18:24:31.541565+00:00,Emma,update,measurements,2026-09-21 / plant 10,"{""leaves"":4}"
339,2026-09-21T18:24:33.293196+00:00,Emma,insert,measurements,2026-09-21 / plant 11,"{""lai"":null,""note"":null,""spad"":null,""leaves"":null,""obs_date"":""2026-09-21"",""plant_id"":11,""height_cm"":12,""updated_at"":""2026-09-21T18:24:33.186+00:00"",""recorded_by"":""Emma"",""internode_cm"":null}"
340,2026-09-21T18:24:35.315419+00:00,Emma,update,measurements,2026-09-21 / plant 11,"{""leaves"":4}"
341,2026-09-21T18:24:36.990785+00:00,Emma,insert,measurements,2026-09-21 / plant 12,"{""lai"":null,""note"":null,""spad"":null,""leaves"":null,""obs_date"":""2026-09-21"",""plant_id"":12,""height_cm"":17,""updated_at"":""2026-09-21T18:24:36.883+00:00"",""recorded_by"":""Emma"",""internode_cm"":null}"
342,2026-09-21T18:24:39.063503+00:00,Emma,update,measurements,2026-09-21 / plant 12,"{""leaves"":5}"
343,2026-09-21T18:24:58.419577+00:00,Emma,insert,measurements,2026-09-16 / plant 1,"{""lai"":null,""note"":null,""spad"":null,""leaves"":null,""obs_date"":""2026-09-16"",""plant_id"":1,""height_cm"":0,""updated_at"":""2026-09-21T18:24:58.226+00:00"",""recorded_by"":""Emma"",""internode_cm"":null}"
344,2026-09-21T18:24:59.210308+00:00,Emma,update,measurements,2026-09-16 / plant 1,"{""leaves"":0}"
345,2026-09-21T18:25:00.625997+00:00,Emma,insert,measurements,2026-09-16 / plant 2,"{""lai"":null,""note"":null,""spad"":null,""leaves"":0,""obs_date"":""2026-09-16"",""plant_id"":2,""height_cm"":0,""updated_at"":""2026-09-21T18:25:00.5+00:00"",""recorded_by"":""Emma"",""internode_cm"":null}"
346,2026-09-21T18:25:01.977564+00:00,Emma,insert,measurements,2026-09-16 / plant 3,"{""lai"":null,""note"":null,""spad"":null,""leaves"":0,""obs_date"":""2026-09-16"",""plant_id"":3,""height_cm"":0,""updated_at"":""2026-09-21T18:25:01.859+00:00"",""recorded_by"":""Emma"",""internode_cm"":null}"
347,2026-09-21T18:25:08.907612+00:00,Emma,insert,measurements,2026-09-16 / plant 6,"{""lai"":null,""note"":null,""spad"":null,""leaves"":null,""obs_date"":""2026-09-16"",""plant_id"":6,""height_cm"":0,""updated_at"":""2026-09-21T18:25:08.724+00:00"",""recorded_by"":""Emma"",""internode_cm"":null}"
348,2026-09-21T18:25:10.000743+00:00,Emma,update,measurements,2026-09-16 / plant 6,"{""leaves"":0}"
349,2026-09-21T18:25:15.881625+00:00,Emma,insert,measurements,2026-09-16 / plant 7,"{""lai"":null,""note"":null,""spad"":null,""leaves"":null,""obs_date"":""2026-09-16"",""plant_id"":7,""height_cm"":0,""updated_at"":""2026-09-21T18:25:15.759+00:00"",""recorded_by"":""Emma"",""internode_cm"":null}"
350,2026-09-21T18:25:16.735325+00:00,Emma,update,measurements,2026-09-16 / plant 7,"{""leaves"":0}"
351,2026-09-21T18:25:19.76478+00:00,Emma,insert,measurements,2026-09-16 / plant 4,"{""lai"":null,""note"":null,""spad"":null,""leaves"":null,""obs_date"":""2026-09-16"",""plant_id"":4,""height_cm"":3,""updated_at"":""2026-09-21T18:25:19.663+00:00"",""recorded_by"":""Emma"",""internode_cm"":null}"
352,2026-09-21T18:25:22.920395+00:00,Emma,update,measurements,2026-09-16 / plant 4,"{""leaves"":2}"
353,2026-09-21T18:25:28.800692+00:00,Emma,update,measurements,2026-09-16 / plant 4,"{""height_cm"":4}"
354,2026-09-21T18:25:39.21953+00:00,Emma,update,measurements,2026-09-16 / plant 4,"{""height_cm"":null}"
355,2026-09-21T18:26:10.790902+00:00,Emma,update,measurements,2026-09-16 / plant 4,"{""height_cm"":6.5}"
356,2026-09-21T18:26:17.139279+00:00,Emma,insert,measurements,2026-09-16 / plant 5,"{""lai"":null,""note"":null,""spad"":null,""leaves"":null,""obs_date"":""2026-09-16"",""plant_id"":5,""height_cm"":6,""updated_at"":""2026-09-21T18:26:17.024+00:00"",""recorded_by"":""Emma"",""internode_cm"":null}"
357,2026-09-21T18:26:19.361457+00:00,Emma,update,measurements,2026-09-16 / plant 5,"{""height_cm"":6.5}"
358,2026-09-21T18:26:20.987306+00:00,Emma,delete,measurements,2026-09-16 / plant 5,"{""lai"":null,""note"":null,""spad"":null,""leaves"":null,""obs_date"":""2026-09-16"",""plant_id"":5,""height_cm"":6.5,""updated_at"":""2026-09-21T18:26:19.238+00:00"",""recorded_by"":""Emma"",""internode_cm"":null}"
359,2026-09-21T18:26:22.05783+00:00,Emma,insert,measurements,2026-09-16 / plant 5,"{""lai"":null,""note"":null,""spad"":null,""leaves"":null,""obs_date"":""2026-09-16"",""plant_id"":5,""height_cm"":7.5,""updated_at"":""2026-09-21T18:26:21.948+00:00"",""recorded_by"":""Emma"",""internode_cm"":null}"
360,2026-09-21T18:26:25.342836+00:00,Emma,update,measurements,2026-09-16 / plant 5,"{""leaves"":3}"
361,2026-09-21T18:26:32.175784+00:00,Emma,insert,measurements,2026-09-16 / plant 8,"{""lai"":null,""note"":null,""spad"":null,""leaves"":null,""obs_date"":""2026-09-16"",""plant_id"":8,""height_cm"":7.5,""updated_at"":""2026-09-21T18:26:32.065+00:00"",""recorded_by"":""Emma"",""internode_cm"":null}"
362,2026-09-21T18:26:34.384574+00:00,Emma,update,measurements,2026-09-16 / plant 8,"{""leaves"":3}"
363,2026-09-21T18:26:38.488021+00:00,Emma,insert,measurements,2026-09-16 / plant 9,"{""lai"":null,""note"":null,""spad"":null,""leaves"":null,""obs_date"":""2026-09-16"",""plant_id"":9,""height_cm"":8,""updated_at"":""2026-09-21T18:26:38.384+00:00"",""recorded_by"":""Emma"",""internode_cm"":null}"
364,2026-09-21T18:26:40.963096+00:00,Emma,update,measurements,2026-09-16 / plant 9,"{""leaves"":3}"
365,2026-09-21T18:26:45.6801+00:00,Emma,insert,measurements,2026-09-16 / plant 10,"{""lai"":null,""note"":null,""spad"":null,""leaves"":null,""obs_date"":""2026-09-16"",""plant_id"":10,""height_cm"":7,""updated_at"":""2026-09-21T18:26:45.581+00:00"",""recorded_by"":""Emma"",""internode_cm"":null}"
366,2026-09-21T18:26:47.566193+00:00,Emma,update,measurements,2026-09-16 / plant 10,"{""leaves"":2}"
367,2026-09-21T18:26:51.167591+00:00,Emma,insert,measurements,2026-09-16 / plant 11,"{""lai"":null,""note"":null,""spad"":null,""leaves"":null,""obs_date"":""2026-09-16"",""plant_id"":11,""height_cm"":7.5,""updated_at"":""2026-09-21T18:26:51.064+00:00"",""recorded_by"":""Emma"",""internode_cm"":null}"
368,2026-09-21T18:26:54.122932+00:00,Emma,update,measurements,2026-09-16 / plant 11,"{""leaves"":2}"
369,2026-09-21T18:26:56.698499+00:00,Emma,insert,measurements,2026-09-16 / plant 12,"{""lai"":null,""note"":null,""spad"":null,""leaves"":null,""obs_date"":""2026-09-16"",""plant_id"":12,""height_cm"":1,""updated_at"":""2026-09-21T18:26:56.599+00:00"",""recorded_by"":""Emma"",""internode_cm"":null}"
370,2026-09-21T18:26:57.730159+00:00,Emma,update,measurements,2026-09-16 / plant 12,"{""height_cm"":10}"
371,2026-09-21T18:27:00.83516+00:00,Emma,update,measurements,2026-09-16 / plant 12,"{""leaves"":4}"
372,2026-09-21T18:34:38.082446+00:00,Emma,insert,measurements,2026-09-17 / plant 1,"{""lai"":null,""note"":null,""spad"":null,""leaves"":null,""obs_date"":""2026-09-17"",""plant_id"":1,""height_cm"":0,""updated_at"":""2026-09-21T18:34:37.547+00:00"",""recorded_by"":""Emma"",""internode_cm"":null}"
373,2026-09-21T18:34:39.03483+00:00,Emma,update,measurements,2026-09-17 / plant 1,"{""leaves"":0}"
374,2026-09-21T18:34:40.246969+00:00,Emma,insert,measurements,2026-09-17 / plant 2,"{""lai"":null,""note"":null,""spad"":null,""leaves"":null,""obs_date"":""2026-09-17"",""plant_id"":2,""height_cm"":0,""updated_at"":""2026-09-21T18:34:40.114+00:00"",""recorded_by"":""Emma"",""internode_cm"":null}"
375,2026-09-21T18:34:40.885668+00:00,Emma,update,measurements,2026-09-17 / plant 2,"{""leaves"":0}"
376,2026-09-21T18:34:42.250785+00:00,Emma,insert,measurements,2026-09-17 / plant 3,"{""lai"":null,""note"":null,""spad"":null,""leaves"":0,""obs_date"":""2026-09-17"",""plant_id"":3,""height_cm"":0,""updated_at"":""2026-09-21T18:34:42.115+00:00"",""recorded_by"":""Emma"",""internode_cm"":null}"
377,2026-09-21T18:34:59.791826+00:00,Emma,insert,measurements,2026-09-17 / plant 4,"{""lai"":null,""note"":null,""spad"":null,""leaves"":null,""obs_date"":""2026-09-17"",""plant_id"":4,""height_cm"":0,""updated_at"":""2026-09-21T18:34:59.65+00:00"",""recorded_by"":""Emma"",""internode_cm"":null}"
378,2026-09-21T18:35:01.303638+00:00,Emma,delete,measurements,2026-09-17 / plant 4,"{""lai"":null,""note"":null,""spad"":null,""leaves"":null,""obs_date"":""2026-09-17"",""plant_id"":4,""height_cm"":0,""updated_at"":""2026-09-21T18:34:59.65+00:00"",""recorded_by"":""Emma"",""internode_cm"":null}"
379,2026-09-21T18:35:03.287728+00:00,Emma,insert,measurements,2026-09-17 / plant 6,"{""lai"":null,""note"":null,""spad"":null,""leaves"":0,""obs_date"":""2026-09-17"",""plant_id"":6,""height_cm"":0,""updated_at"":""2026-09-21T18:35:03.167+00:00"",""recorded_by"":""Emma"",""internode_cm"":null}"
380,2026-09-21T18:35:05.281408+00:00,Emma,insert,measurements,2026-09-17 / plant 7,"{""lai"":null,""note"":null,""spad"":null,""leaves"":0,""obs_date"":""2026-09-17"",""plant_id"":7,""height_cm"":0,""updated_at"":""2026-09-21T18:35:05.182+00:00"",""recorded_by"":""Emma"",""internode_cm"":null}"
381,2026-10-05T17:35:32.664866+00:00,Emma,insert,files,Summer Cotton Growth.xlsx,"{""id"":1,""kind"":""working"",""name"":""Summer Cotton Growth.xlsx"",""note"":null,""path"":""1791221731967_Summer Cotton Growth.xlsx"",""created_at"":""2026-10-05T17:35:32.664866+00:00"",""size_bytes"":42008,""uploaded_by"":""Emma""}"
382,2026-10-08T17:55:22.563776+00:00,Emma,insert,measurements,2026-09-17 / plant 4,"{""lai"":null,""note"":null,""spad"":null,""leaves"":null,""obs_date"":""2026-09-17"",""plant_id"":4,""height_cm"":4,""updated_at"":""2026-10-08T17:55:21.673+00:00"",""recorded_by"":""Emma"",""internode_cm"":null}"
383,2026-10-08T18:00:13.452789+00:00,Emma,update,measurements,2026-09-15 / plant 4,"{""height_cm"":null}"
384,2026-10-08T18:00:16.847872+00:00,Emma,update,measurements,2026-09-15 / plant 4,"{""height_cm"":2}"
385,2026-10-08T18:01:38.802537+00:00,Emma,update,measurements,2026-09-16 / plant 4,"{""height_cm"":null}"
386,2026-10-08T18:01:48.368636+00:00,Emma,update,measurements,2026-09-16 / plant 4,"{""height_cm"":3}"
387,2026-10-08T18:02:21.213768+00:00,Emma,update,measurements,2026-09-17 / plant 4,"{""leaves"":2}"
388,2026-10-08T18:02:27.024464+00:00,Emma,insert,measurements,2026-09-17 / plant 5,"{""lai"":null,""note"":null,""spad"":null,""leaves"":null,""obs_date"":""2026-09-17"",""plant_id"":5,""height_cm"":7.5,""updated_at"":""2026-10-08T18:02:26.937+00:00"",""recorded_by"":""Emma"",""internode_cm"":null}"
389,2026-10-08T18:02:30.219398+00:00,Emma,update,measurements,2026-09-17 / plant 5,"{""leaves"":3}"
390,2026-10-08T18:02:36.262106+00:00,Emma,insert,measurements,2026-09-17 / plant 8,"{""lai"":null,""note"":null,""spad"":null,""leaves"":null,""obs_date"":""2026-09-17"",""plant_id"":8,""height_cm"":8,""updated_at"":""2026-10-08T18:02:36.172+00:00"",""recorded_by"":""Emma"",""internode_cm"":null}"
391,2026-10-08T18:02:38.111537+00:00,Emma,update,measurements,2026-09-17 / plant 8,"{""leaves"":3}"
392,2026-10-08T18:02:40.932649+00:00,Emma,insert,measurements,2026-09-17 / plant 9,"{""lai"":null,""note"":null,""spad"":null,""leaves"":null,""obs_date"":""2026-09-17"",""plant_id"":9,""height_cm"":9,""updated_at"":""2026-10-08T18:02:40.849+00:00"",""recorded_by"":""Emma"",""internode_cm"":null}"
393,2026-10-08T18:02:42.564547+00:00,Emma,update,measurements,2026-09-17 / plant 9,"{""leaves"":4}"
394,2026-10-08T18:02:48.474999+00:00,Emma,insert,measurements,2026-09-17 / plant 10,"{""lai"":null,""note"":null,""spad"":null,""leaves"":null,""obs_date"":""2026-09-17"",""plant_id"":10,""height_cm"":8.5,""updated_at"":""2026-10-08T18:02:48.349+00:00"",""recorded_by"":""Emma"",""internode_cm"":null}"
395,2026-10-08T18:02:50.404125+00:00,Emma,update,measurements,2026-09-17 / plant 10,"{""leaves"":3}"
396,2026-10-08T18:02:52.890757+00:00,Emma,insert,measurements,2026-09-17 / plant 11,"{""lai"":null,""note"":null,""spad"":null,""leaves"":null,""obs_date"":""2026-09-17"",""plant_id"":11,""height_cm"":8,""updated_at"":""2026-10-08T18:02:52.797+00:00"",""recorded_by"":""Emma"",""internode_cm"":null}"
397,2026-10-08T18:02:54.95148+00:00,Emma,update,measurements,2026-09-17 / plant 11,"{""leaves"":2}"
398,2026-10-08T18:02:58.823477+00:00,Emma,insert,measurements,2026-09-17 / plant 12,"{""lai"":null,""note"":null,""spad"":null,""leaves"":null,""obs_date"":""2026-09-17"",""plant_id"":12,""height_cm"":11.5,""updated_at"":""2026-10-08T18:02:58.732+00:00"",""recorded_by"":""Emma"",""internode_cm"":null}"
399,2026-10-08T18:03:01.284457+00:00,Emma,update,measurements,2026-09-17 / plant 12,"{""leaves"":4}"
400,2026-10-08T18:03:37.976293+00:00,Emma,insert,measurements,2026-09-18 / plant 1,"{""lai"":null,""note"":null,""spad"":null,""leaves"":0,""obs_date"":""2026-09-18"",""plant_id"":1,""height_cm"":0,""updated_at"":""2026-10-08T18:03:37.869+00:00"",""recorded_by"":""Emma"",""internode_cm"":null}"
401,2026-10-08T18:03:41.823498+00:00,Emma,insert,measurements,2026-09-18 / plant 2,"{""lai"":null,""note"":null,""spad"":null,""leaves"":0,""obs_date"":""2026-09-18"",""plant_id"":2,""height_cm"":0,""updated_at"":""2026-10-08T18:03:41.742+00:00"",""recorded_by"":""Emma"",""internode_cm"":null}"
402,2026-10-08T18:03:42.591617+00:00,Emma,insert,measurements,2026-09-18 / plant 3,"{""lai"":null,""note"":null,""spad"":null,""leaves"":null,""obs_date"":""2026-09-18"",""plant_id"":3,""height_cm"":0,""updated_at"":""2026-10-08T18:03:42.507+00:00"",""recorded_by"":""Emma"",""internode_cm"":null}"
403,2026-10-08T18:03:43.297438+00:00,Emma,update,measurements,2026-09-18 / plant 3,"{""leaves"":0}"
404,2026-10-08T18:03:55.074059+00:00,Emma,update,measurements,2026-09-18 / plant 1,"{""spad"":0}"
405,2026-10-08T18:03:56.054332+00:00,Emma,update,measurements,2026-09-18 / plant 2,"{""spad"":0}"
406,2026-10-08T18:03:57.066059+00:00,Emma,update,measurements,2026-09-18 / plant 3,"{""spad"":0}"
407,2026-10-08T18:04:03.443778+00:00,Emma,insert,measurements,2026-09-18 / plant 4,"{""lai"":null,""note"":null,""spad"":null,""leaves"":null,""obs_date"":""2026-09-18"",""plant_id"":4,""height_cm"":4,""updated_at"":""2026-10-08T18:04:03.341+00:00"",""recorded_by"":""Emma"",""internode_cm"":null}"
408,2026-10-08T18:04:05.18587+00:00,Emma,update,measurements,2026-09-18 / plant 4,"{""leaves"":2}"
409,2026-10-08T18:04:06.479239+00:00,Emma,update,measurements,2026-09-18 / plant 4,"{""spad"":0}"
410,2026-10-08T18:04:10.517809+00:00,Emma,insert,measurements,2026-09-18 / plant 5,"{""lai"":null,""note"":null,""spad"":null,""leaves"":null,""obs_date"":""2026-09-18"",""plant_id"":5,""height_cm"":7.5,""updated_at"":""2026-10-08T18:04:10.429+00:00"",""recorded_by"":""Emma"",""internode_cm"":null}"
411,2026-10-08T18:04:12.580465+00:00,Emma,update,measurements,2026-09-18 / plant 5,"{""leaves"":3}"
412,2026-10-08T18:04:14.033796+00:00,Emma,update,measurements,2026-09-18 / plant 5,"{""spad"":0}"
413,2026-10-08T18:04:17.886191+00:00,Emma,insert,measurements,2026-09-18 / plant 6,"{""lai"":null,""note"":null,""spad"":null,""leaves"":null,""obs_date"":""2026-09-18"",""plant_id"":6,""height_cm"":0,""updated_at"":""2026-10-08T18:04:17.782+00:00"",""recorded_by"":""Emma"",""internode_cm"":null}"
414,2026-10-08T18:04:18.670976+00:00,Emma,update,measurements,2026-09-18 / plant 6,"{""leaves"":0}"
415,2026-10-08T18:04:19.364405+00:00,Emma,update,measurements,2026-09-18 / plant 6,"{""spad"":0}"
416,2026-10-08T18:04:22.302789+00:00,Emma,insert,measurements,2026-09-18 / plant 7,"{""lai"":null,""note"":null,""spad"":0,""leaves"":0,""obs_date"":""2026-09-18"",""plant_id"":7,""height_cm"":0,""updated_at"":""2026-10-08T18:04:22.218+00:00"",""recorded_by"":""Emma"",""internode_cm"":null}"
417,2026-10-08T18:04:24.978275+00:00,Emma,insert,measurements,2026-09-18 / plant 8,"{""lai"":null,""note"":null,""spad"":null,""leaves"":null,""obs_date"":""2026-09-18"",""plant_id"":8,""height_cm"":8,""updated_at"":""2026-10-08T18:04:24.894+00:00"",""recorded_by"":""Emma"",""internode_cm"":null}"
418,2026-10-08T18:04:27.517801+00:00,Emma,update,measurements,2026-09-18 / plant 8,"{""leaves"":3}"
419,2026-10-08T18:04:28.828881+00:00,Emma,update,measurements,2026-09-18 / plant 8,"{""spad"":0}"
420,2026-10-08T18:04:32.400048+00:00,Emma,insert,measurements,2026-09-18 / plant 9,"{""lai"":null,""note"":null,""spad"":null,""leaves"":null,""obs_date"":""2026-09-18"",""plant_id"":9,""height_cm"":9,""updated_at"":""2026-10-08T18:04:32.315+00:00"",""recorded_by"":""Emma"",""internode_cm"":null}"
421,2026-10-08T18:04:33.843392+00:00,Emma,update,measurements,2026-09-18 / plant 9,"{""leaves"":4}"
422,2026-10-08T18:04:35.053588+00:00,Emma,update,measurements,2026-09-18 / plant 9,"{""spad"":0}"
423,2026-10-08T18:04:40.72182+00:00,Emma,insert,measurements,2026-09-18 / plant 10,"{""lai"":null,""note"":null,""spad"":null,""leaves"":null,""obs_date"":""2026-09-18"",""plant_id"":10,""height_cm"":8.5,""updated_at"":""2026-10-08T18:04:40.642+00:00"",""recorded_by"":""Emma"",""internode_cm"":null}"
424,2026-10-08T18:04:52.647485+00:00,Emma,update,measurements,2026-09-18 / plant 10,"{""leaves"":3}"
425,2026-10-08T18:04:54.597296+00:00,Emma,update,measurements,2026-09-18 / plant 10,"{""spad"":0}"
426,2026-10-08T18:04:57.525542+00:00,Emma,insert,measurements,2026-09-18 / plant 11,"{""lai"":null,""note"":null,""spad"":null,""leaves"":null,""obs_date"":""2026-09-18"",""plant_id"":11,""height_cm"":9,""updated_at"":""2026-10-08T18:04:57.435+00:00"",""recorded_by"":""Emma"",""internode_cm"":null}"
427,2026-10-08T18:04:59.163033+00:00,Emma,update,measurements,2026-09-18 / plant 11,"{""leaves"":3}"
428,2026-10-08T18:05:00.414741+00:00,Emma,update,measurements,2026-09-18 / plant 11,"{""spad"":0}"
429,2026-10-08T18:05:03.695736+00:00,Emma,insert,measurements,2026-09-18 / plant 12,"{""lai"":null,""note"":null,""spad"":null,""leaves"":null,""obs_date"":""2026-09-18"",""plant_id"":12,""height_cm"":12.5,""updated_at"":""2026-10-08T18:05:03.598+00:00"",""recorded_by"":""Emma"",""internode_cm"":null}"
430,2026-10-08T18:05:05.452194+00:00,Emma,update,measurements,2026-09-18 / plant 12,"{""leaves"":4}"
431,2026-10-08T18:05:06.870193+00:00,Emma,update,measurements,2026-09-18 / plant 12,"{""spad"":0}"
432,2026-10-08T18:05:11.848783+00:00,Emma,insert,day_log,2026-09-18,"{""notes"":""Plants are too small"",""log_date"":""2026-09-18"",""obs_time"":null,""updated_at"":""2026-10-08T18:05:11.735+00:00"",""recorded_by"":""Emma""}"
433,2026-10-08T18:05:32.647634+00:00,Emma,update,day_log,2026-09-18,"{""notes"":null}"
434,2026-10-08T18:05:38.159306+00:00,Emma,update,measurements,2026-09-18 / plant 10,"{""spad"":null}"
435,2026-10-08T18:05:44.486562+00:00,Emma,update,measurements,2026-09-18 / plant 10,"{""spad"":38.3}"
436,2026-10-08T18:05:46.05774+00:00,Emma,update,measurements,2026-09-18 / plant 11,"{""spad"":null}"
437,2026-10-08T18:05:48.541408+00:00,Emma,update,measurements,2026-09-18 / plant 11,"{""spad"":46}"
438,2026-10-08T18:05:49.342016+00:00,Emma,update,measurements,2026-09-18 / plant 11,"{""spad"":46.8}"
439,2026-10-08T18:05:51.491768+00:00,Emma,update,measurements,2026-09-18 / plant 12,"{""spad"":null}"
440,2026-10-08T18:05:53.749785+00:00,Emma,update,measurements,2026-09-18 / plant 12,"{""spad"":38.7}"
441,2026-10-08T18:05:58.939909+00:00,Emma,update,measurements,2026-09-18 / plant 8,"{""spad"":null}"
442,2026-10-08T18:06:00.897483+00:00,Emma,update,measurements,2026-09-18 / plant 8,"{""spad"":47.8}"
443,2026-10-08T18:06:02.355462+00:00,Emma,update,measurements,2026-09-18 / plant 9,"{""spad"":null}"
444,2026-10-08T18:06:05.202125+00:00,Emma,update,measurements,2026-09-18 / plant 9,"{""spad"":34}"
445,2026-10-08T18:06:10.799608+00:00,Emma,update,measurements,2026-09-18 / plant 4,"{""spad"":null}"
446,2026-10-08T18:06:14.172332+00:00,Emma,update,measurements,2026-09-18 / plant 4,"{""spad"":33.5}"
447,2026-10-08T18:06:16.373983+00:00,Emma,update,measurements,2026-09-18 / plant 5,"{""spad"":null}"
448,2026-10-08T18:06:19.172196+00:00,Emma,update,measurements,2026-09-18 / plant 5,"{""spad"":40.2}"
449,2026-10-08T18:06:20.477051+00:00,Emma,update,measurements,2026-09-18 / plant 6,"{""spad"":null}"
450,2026-10-08T18:06:22.530665+00:00,Emma,update,measurements,2026-09-18 / plant 6,"{""spad"":0}"
451,2026-10-08T18:06:35.317818+00:00,Emma,update,measurements,2026-09-18 / plant 4,"{""height_cm"":4.5}"
452,2026-10-08T18:06:38.53775+00:00,Emma,update,measurements,2026-09-18 / plant 5,"{""height_cm"":8}"
453,2026-10-08T18:06:44.15083+00:00,Emma,update,measurements,2026-09-18 / plant 5,"{""leaves"":4}"
454,2026-10-08T18:06:47.999442+00:00,Emma,update,measurements,2026-09-18 / plant 8,"{""height_cm"":9}"
455,2026-10-08T18:06:50.149532+00:00,Emma,update,measurements,2026-09-18 / plant 8,"{""leaves"":4}"
456,2026-10-08T18:06:52.995542+00:00,Emma,update,measurements,2026-09-18 / plant 9,"{""height_cm"":null}"
457,2026-10-08T18:06:53.880788+00:00,Emma,update,measurements,2026-09-18 / plant 9,"{""height_cm"":11}"
458,2026-10-08T18:07:12.622381+00:00,Emma,update,day_log,2026-09-18,"{""notes"":""All pots watered to keep soil moist.""}"
459,2026-10-08T18:08:07.081377+00:00,Emma,insert,day_log,2026-09-21,"{""notes"":""Plants watered to keep soil moist"",""log_date"":""2026-09-21"",""obs_time"":null,""updated_at"":""2026-10-08T18:08:06.709+00:00"",""recorded_by"":""Emma""}"
460,2026-10-08T18:08:19.375662+00:00,Emma,insert,measurements,2026-09-22 / plant 1,"{""lai"":null,""note"":null,""spad"":null,""leaves"":null,""obs_date"":""2026-09-22"",""plant_id"":1,""height_cm"":0,""updated_at"":""2026-10-08T18:08:19.291+00:00"",""recorded_by"":""Emma"",""internode_cm"":null}"
461,2026-10-08T18:08:20.087134+00:00,Emma,update,measurements,2026-09-22 / plant 1,"{""leaves"":0}"
462,2026-10-08T18:08:21.294606+00:00,Emma,insert,measurements,2026-09-22 / plant 2,"{""lai"":null,""note"":null,""spad"":null,""leaves"":0,""obs_date"":""2026-09-22"",""plant_id"":2,""height_cm"":0,""updated_at"":""2026-10-08T18:08:21.208+00:00"",""recorded_by"":""Emma"",""internode_cm"":null}"
463,2026-10-08T18:08:22.762692+00:00,Emma,insert,measurements,2026-09-22 / plant 3,"{""lai"":null,""note"":null,""spad"":null,""leaves"":0,""obs_date"":""2026-09-22"",""plant_id"":3,""height_cm"":0,""updated_at"":""2026-10-08T18:08:22.673+00:00"",""recorded_by"":""Emma"",""internode_cm"":null}"
464,2026-10-08T18:08:24.762914+00:00,Emma,insert,measurements,2026-09-22 / plant 6,"{""lai"":null,""note"":null,""spad"":null,""leaves"":0,""obs_date"":""2026-09-22"",""plant_id"":6,""height_cm"":0,""updated_at"":""2026-10-08T18:08:24.68+00:00"",""recorded_by"":""Emma"",""internode_cm"":null}"
465,2026-10-08T18:08:26.953299+00:00,Emma,insert,measurements,2026-09-22 / plant 7,"{""lai"":null,""note"":null,""spad"":null,""leaves"":0,""obs_date"":""2026-09-22"",""plant_id"":7,""height_cm"":0,""updated_at"":""2026-10-08T18:08:26.869+00:00"",""recorded_by"":""Emma"",""internode_cm"":null}"
466,2026-10-08T18:08:37.098754+00:00,Emma,insert,measurements,2026-09-22 / plant 4,"{""lai"":null,""note"":null,""spad"":null,""leaves"":null,""obs_date"":""2026-09-22"",""plant_id"":4,""height_cm"":8.5,""updated_at"":""2026-10-08T18:08:37.014+00:00"",""recorded_by"":""Emma"",""internode_cm"":null}"
467,2026-10-08T18:08:39.331259+00:00,Emma,update,measurements,2026-09-22 / plant 4,"{""leaves"":4}"
468,2026-10-08T18:08:42.129504+00:00,Emma,insert,measurements,2026-09-22 / plant 5,"{""lai"":null,""note"":null,""spad"":null,""leaves"":null,""obs_date"":""2026-09-22"",""plant_id"":5,""height_cm"":13,""updated_at"":""2026-10-08T18:08:42.048+00:00"",""recorded_by"":""Emma"",""internode_cm"":null}"
469,2026-10-08T18:08:43.768957+00:00,Emma,update,measurements,2026-09-22 / plant 5,"{""leaves"":6}"
470,2026-10-08T18:08:48.476853+00:00,Emma,insert,measurements,2026-09-22 / plant 8,"{""lai"":null,""note"":null,""spad"":null,""leaves"":null,""obs_date"":""2026-09-22"",""plant_id"":8,""height_cm"":15.5,""updated_at"":""2026-10-08T18:08:48.388+00:00"",""recorded_by"":""Emma"",""internode_cm"":null}"
471,2026-10-08T18:08:50.802326+00:00,Emma,update,measurements,2026-09-22 / plant 8,"{""leaves"":6}"
472,2026-10-08T18:08:53.400454+00:00,Emma,insert,measurements,2026-09-22 / plant 9,"{""lai"":null,""note"":null,""spad"":null,""leaves"":null,""obs_date"":""2026-09-22"",""plant_id"":9,""height_cm"":16,""updated_at"":""2026-10-08T18:08:53.31+00:00"",""recorded_by"":""Emma"",""internode_cm"":null}"
473,2026-10-08T18:08:55.427481+00:00,Emma,update,measurements,2026-09-22 / plant 9,"{""leaves"":5}"
474,2026-10-08T18:09:12.501584+00:00,Emma,insert,measurements,2026-09-22 / plant 10,"{""lai"":null,""note"":null,""spad"":null,""leaves"":null,""obs_date"":""2026-09-22"",""plant_id"":10,""height_cm"":13,""updated_at"":""2026-10-08T18:09:12.41+00:00"",""recorded_by"":""Emma"",""internode_cm"":null}"
475,2026-10-08T18:09:14.702273+00:00,Emma,update,measurements,2026-09-22 / plant 10,"{""leaves"":5}"
476,2026-10-08T18:09:17.488109+00:00,Emma,insert,measurements,2026-09-22 / plant 11,"{""lai"":null,""note"":null,""spad"":null,""leaves"":null,""obs_date"":""2026-09-22"",""plant_id"":11,""height_cm"":14,""updated_at"":""2026-10-08T18:09:17.399+00:00"",""recorded_by"":""Emma"",""internode_cm"":null}"
477,2026-10-08T18:09:18.151986+00:00,Emma,update,measurements,2026-09-22 / plant 11,"{""height_cm"":1}"
478,2026-10-08T18:09:19.586271+00:00,Emma,update,measurements,2026-09-22 / plant 11,"{""height_cm"":13.5}"
479,2026-10-08T18:09:21.805271+00:00,Emma,update,measurements,2026-09-22 / plant 11,"{""leaves"":5}"
480,2026-10-08T18:09:25.043427+00:00,Emma,insert,measurements,2026-09-22 / plant 12,"{""lai"":null,""note"":null,""spad"":null,""leaves"":null,""obs_date"":""2026-09-22"",""plant_id"":12,""height_cm"":20,""updated_at"":""2026-10-08T18:09:24.959+00:00"",""recorded_by"":""Emma"",""internode_cm"":null}"
481,2026-10-08T18:09:26.24521+00:00,Emma,update,measurements,2026-09-22 / plant 12,"{""leaves"":6}"
482,2026-10-08T18:09:37.838023+00:00,Emma,insert,measurements,2026-09-23 / plant 1,"{""lai"":null,""note"":null,""spad"":null,""leaves"":0,""obs_date"":""2026-09-23"",""plant_id"":1,""height_cm"":0,""updated_at"":""2026-10-08T18:09:37.741+00:00"",""recorded_by"":""Emma"",""internode_cm"":null}"
483,2026-10-08T18:09:38.914823+00:00,Emma,insert,measurements,2026-09-23 / plant 2,"{""lai"":null,""note"":null,""spad"":null,""leaves"":0,""obs_date"":""2026-09-23"",""plant_id"":2,""height_cm"":0,""updated_at"":""2026-10-08T18:09:38.825+00:00"",""recorded_by"":""Emma"",""internode_cm"":null}"
484,2026-10-08T18:09:40.330465+00:00,Emma,insert,measurements,2026-09-23 / plant 3,"{""lai"":null,""note"":null,""spad"":null,""leaves"":0,""obs_date"":""2026-09-23"",""plant_id"":3,""height_cm"":0,""updated_at"":""2026-10-08T18:09:40.225+00:00"",""recorded_by"":""Emma"",""internode_cm"":null}"
485,2026-10-08T18:09:50.548636+00:00,Emma,insert,measurements,2026-09-23 / plant 6,"{""lai"":null,""note"":null,""spad"":null,""leaves"":null,""obs_date"":""2026-09-23"",""plant_id"":6,""height_cm"":0,""updated_at"":""2026-10-08T18:09:50.458+00:00"",""recorded_by"":""Emma"",""internode_cm"":null}"
486,2026-10-08T18:09:51.303034+00:00,Emma,update,measurements,2026-09-23 / plant 6,"{""leaves"":0}"
487,2026-10-08T18:09:53.751763+00:00,Emma,insert,measurements,2026-09-23 / plant 7,"{""lai"":null,""note"":null,""spad"":null,""leaves"":0,""obs_date"":""2026-09-23"",""plant_id"":7,""height_cm"":0,""updated_at"":""2026-10-08T18:09:53.665+00:00"",""recorded_by"":""Emma"",""internode_cm"":null}"
488,2026-10-08T18:12:38.345991+00:00,Emma,insert,measurements,2026-09-23 / plant 4,"{""lai"":null,""note"":null,""spad"":null,""leaves"":4,""obs_date"":""2026-09-23"",""plant_id"":4,""height_cm"":null,""updated_at"":""2026-10-08T18:12:37.987+00:00"",""recorded_by"":""Emma"",""internode_cm"":null}"
489,2026-10-08T18:12:40.233949+00:00,Emma,update,measurements,2026-09-23 / plant 4,"{""height_cm"":8}"
490,2026-10-08T18:12:41.228942+00:00,Emma,update,measurements,2026-09-23 / plant 4,"{""height_cm"":8.5}"
491,2026-10-08T18:15:37.212559+00:00,Emma,insert,measurements,2026-09-23 / plant 5,"{""lai"":null,""note"":null,""spad"":null,""leaves"":null,""obs_date"":""2026-09-23"",""plant_id"":5,""height_cm"":13.5,""updated_at"":""2026-10-08T18:15:36.704+00:00"",""recorded_by"":""Emma"",""internode_cm"":null}"
492,2026-10-08T18:15:42.279337+00:00,Emma,update,measurements,2026-09-23 / plant 5,"{""leaves"":6}"
493,2026-10-08T18:15:57.149493+00:00,Emma,insert,measurements,2026-09-23 / plant 8,"{""lai"":null,""note"":null,""spad"":null,""leaves"":null,""obs_date"":""2026-09-23"",""plant_id"":8,""height_cm"":16,""updated_at"":""2026-10-08T18:15:57.053+00:00"",""recorded_by"":""Emma"",""internode_cm"":null}"
494,2026-10-08T18:15:59.677361+00:00,Emma,update,measurements,2026-09-23 / plant 8,"{""height_cm"":16.6}"
495,2026-10-08T18:16:01.270545+00:00,Emma,update,measurements,2026-09-23 / plant 8,"{""height_cm"":16.5}"
496,2026-10-08T18:16:06.496462+00:00,Emma,update,measurements,2026-09-23 / plant 8,"{""leaves"":6}"
497,2026-10-08T18:16:14.166991+00:00,Emma,insert,measurements,2026-09-23 / plant 9,"{""lai"":null,""note"":null,""spad"":null,""leaves"":null,""obs_date"":""2026-09-23"",""plant_id"":9,""height_cm"":17.5,""updated_at"":""2026-10-08T18:16:14.066+00:00"",""recorded_by"":""Emma"",""internode_cm"":null}"
498,2026-10-08T18:16:21.277706+00:00,Emma,update,measurements,2026-09-23 / plant 9,"{""leaves"":5}"
499,2026-10-08T18:16:29.662014+00:00,Emma,insert,measurements,2026-09-23 / plant 10,"{""lai"":null,""note"":null,""spad"":null,""leaves"":null,""obs_date"":""2026-09-23"",""plant_id"":10,""height_cm"":13,""updated_at"":""2026-10-08T18:16:29.557+00:00"",""recorded_by"":""Emma"",""internode_cm"":null}"
500,2026-10-08T18:16:34.626998+00:00,Emma,update,measurements,2026-09-23 / plant 10,"{""leaves"":5}"
501,2026-10-08T18:16:39.075676+00:00,Emma,insert,measurements,2026-09-23 / plant 11,"{""lai"":null,""note"":null,""spad"":null,""leaves"":null,""obs_date"":""2026-09-23"",""plant_id"":11,""height_cm"":1,""updated_at"":""2026-10-08T18:16:38.938+00:00"",""recorded_by"":""Emma"",""internode_cm"":null}"
502,2026-10-08T18:16:39.855691+00:00,Emma,update,measurements,2026-09-23 / plant 11,"{""height_cm"":14}"
503,2026-10-08T18:16:50.450849+00:00,Emma,update,measurements,2026-09-23 / plant 11,"{""leaves"":6}"
504,2026-10-08T18:16:57.76228+00:00,Emma,insert,measurements,2026-09-23 / plant 12,"{""lai"":null,""note"":null,""spad"":null,""leaves"":null,""obs_date"":""2026-09-23"",""plant_id"":12,""height_cm"":22,""updated_at"":""2026-10-08T18:16:57.671+00:00"",""recorded_by"":""Emma"",""internode_cm"":null}"
505,2026-10-08T18:17:01.982374+00:00,Emma,update,measurements,2026-09-23 / plant 12,"{""leaves"":6}"
506,2026-10-08T18:17:15.4116+00:00,Emma,insert,measurements,2026-09-24 / plant 1,"{""lai"":null,""note"":null,""spad"":null,""leaves"":0,""obs_date"":""2026-09-24"",""plant_id"":1,""height_cm"":0,""updated_at"":""2026-10-08T18:17:15.316+00:00"",""recorded_by"":""Emma"",""internode_cm"":null}"
507,2026-10-08T18:17:16.779058+00:00,Emma,insert,measurements,2026-09-24 / plant 2,"{""lai"":null,""note"":null,""spad"":null,""leaves"":0,""obs_date"":""2026-09-24"",""plant_id"":2,""height_cm"":0,""updated_at"":""2026-10-08T18:17:16.677+00:00"",""recorded_by"":""Emma"",""internode_cm"":null}"
508,2026-10-08T18:17:18.206141+00:00,Emma,insert,measurements,2026-09-24 / plant 3,"{""lai"":null,""note"":null,""spad"":null,""leaves"":0,""obs_date"":""2026-09-24"",""plant_id"":3,""height_cm"":0,""updated_at"":""2026-10-08T18:17:18.103+00:00"",""recorded_by"":""Emma"",""internode_cm"":null}"
509,2026-10-08T18:17:20.490975+00:00,Emma,insert,measurements,2026-09-24 / plant 6,"{""lai"":null,""note"":null,""spad"":null,""leaves"":0,""obs_date"":""2026-09-24"",""plant_id"":6,""height_cm"":0,""updated_at"":""2026-10-08T18:17:20.393+00:00"",""recorded_by"":""Emma"",""internode_cm"":null}"
510,2026-10-08T18:17:23.758403+00:00,Emma,insert,measurements,2026-09-24 / plant 7,"{""lai"":null,""note"":null,""spad"":null,""leaves"":0,""obs_date"":""2026-09-24"",""plant_id"":7,""height_cm"":0,""updated_at"":""2026-10-08T18:17:23.653+00:00"",""recorded_by"":""Emma"",""internode_cm"":null}"
511,2026-10-08T18:17:29.185839+00:00,Emma,insert,measurements,2026-09-24 / plant 4,"{""lai"":null,""note"":null,""spad"":null,""leaves"":null,""obs_date"":""2026-09-24"",""plant_id"":4,""height_cm"":9,""updated_at"":""2026-10-08T18:17:29.089+00:00"",""recorded_by"":""Emma"",""internode_cm"":null}"
512,2026-10-08T18:17:29.853439+00:00,Emma,update,measurements,2026-09-24 / plant 4,"{""height_cm"":9.5}"
513,2026-10-08T18:17:31.818949+00:00,Emma,update,measurements,2026-09-24 / plant 4,"{""leaves"":4}"
514,2026-10-08T18:17:46.405423+00:00,Emma,insert,measurements,2026-09-24 / plant 5,"{""lai"":null,""note"":null,""spad"":null,""leaves"":null,""obs_date"":""2026-09-24"",""plant_id"":5,""height_cm"":1,""updated_at"":""2026-10-08T18:17:46.309+00:00"",""recorded_by"":""Emma"",""internode_cm"":null}"
515,2026-10-08T18:17:48.064881+00:00,Emma,update,measurements,2026-09-24 / plant 5,"{""height_cm"":13.5}"
516,2026-10-08T18:17:56.984278+00:00,Emma,update,measurements,2026-09-24 / plant 5,"{""leaves"":7}"
517,2026-10-08T18:18:06.576579+00:00,Emma,insert,measurements,2026-09-24 / plant 8,"{""lai"":null,""note"":null,""spad"":null,""leaves"":null,""obs_date"":""2026-09-24"",""plant_id"":8,""height_cm"":17,""updated_at"":""2026-10-08T18:18:06.464+00:00"",""recorded_by"":""Emma"",""internode_cm"":null}"
518,2026-10-08T18:18:10.282773+00:00,Emma,update,measurements,2026-09-24 / plant 8,"{""leaves"":7}"
519,2026-10-08T18:18:15.932976+00:00,Emma,insert,measurements,2026-09-24 / plant 9,"{""lai"":null,""note"":null,""spad"":null,""leaves"":null,""obs_date"":""2026-09-24"",""plant_id"":9,""height_cm"":17.5,""updated_at"":""2026-10-08T18:18:15.837+00:00"",""recorded_by"":""Emma"",""internode_cm"":null}"
520,2026-10-08T18:18:19.266604+00:00,Emma,update,measurements,2026-09-24 / plant 9,"{""leaves"":5}"
521,2026-10-08T18:18:24.729572+00:00,Emma,insert,measurements,2026-09-24 / plant 10,"{""lai"":null,""note"":null,""spad"":null,""leaves"":null,""obs_date"":""2026-09-24"",""plant_id"":10,""height_cm"":13.5,""updated_at"":""2026-10-08T18:18:24.634+00:00"",""recorded_by"":""Emma"",""internode_cm"":null}"
522,2026-10-08T18:18:28.379632+00:00,Emma,update,measurements,2026-09-24 / plant 10,"{""leaves"":5}"
523,2026-10-08T18:18:32.690022+00:00,Emma,insert,measurements,2026-09-24 / plant 11,"{""lai"":null,""note"":null,""spad"":null,""leaves"":null,""obs_date"":""2026-09-24"",""plant_id"":11,""height_cm"":15,""updated_at"":""2026-10-08T18:18:32.593+00:00"",""recorded_by"":""Emma"",""internode_cm"":null}"
524,2026-10-08T18:18:34.708337+00:00,Emma,update,measurements,2026-09-24 / plant 11,"{""leaves"":7}"
525,2026-10-08T18:18:38.692904+00:00,Emma,update,measurements,2026-09-24 / plant 11,"{""leaves"":6}"
526,2026-10-08T18:18:46.25576+00:00,Emma,insert,measurements,2026-09-24 / plant 12,"{""lai"":null,""note"":null,""spad"":null,""leaves"":null,""obs_date"":""2026-09-24"",""plant_id"":12,""height_cm"":22.5,""updated_at"":""2026-10-08T18:18:46.159+00:00"",""recorded_by"":""Emma"",""internode_cm"":null}"
527,2026-10-08T18:18:48.208192+00:00,Emma,update,measurements,2026-09-24 / plant 12,"{""leaves"":6}"
528,2026-10-08T18:19:12.231279+00:00,Emma,insert,measurements,2026-09-25 / plant 1,"{""lai"":null,""note"":null,""spad"":0,""leaves"":0,""obs_date"":""2026-09-25"",""plant_id"":1,""height_cm"":0,""updated_at"":""2026-10-08T18:19:12.111+00:00"",""recorded_by"":""Emma"",""internode_cm"":null}"
529,2026-10-08T18:19:12.964293+00:00,Emma,insert,measurements,2026-09-25 / plant 2,"{""lai"":null,""note"":null,""spad"":null,""leaves"":null,""obs_date"":""2026-09-25"",""plant_id"":2,""height_cm"":0,""updated_at"":""2026-10-08T18:19:12.859+00:00"",""recorded_by"":""Emma"",""internode_cm"":null}"
530,2026-10-08T18:19:13.665532+00:00,Emma,update,measurements,2026-09-25 / plant 2,"{""leaves"":0}"
531,2026-10-08T18:19:14.329447+00:00,Emma,update,measurements,2026-09-25 / plant 2,"{""spad"":0}"
532,2026-10-08T18:19:15.615177+00:00,Emma,insert,measurements,2026-09-25 / plant 3,"{""lai"":null,""note"":null,""spad"":null,""leaves"":0,""obs_date"":""2026-09-25"",""plant_id"":3,""height_cm"":0,""updated_at"":""2026-10-08T18:19:15.52+00:00"",""recorded_by"":""Emma"",""internode_cm"":null}"
533,2026-10-08T18:19:16.392544+00:00,Emma,update,measurements,2026-09-25 / plant 3,"{""spad"":0}"
534,2026-10-08T18:19:22.758119+00:00,Emma,insert,measurements,2026-09-25 / plant 6,"{""lai"":null,""note"":null,""spad"":null,""leaves"":null,""obs_date"":""2026-09-25"",""plant_id"":6,""height_cm"":0,""updated_at"":""2026-10-08T18:19:22.667+00:00"",""recorded_by"":""Emma"",""internode_cm"":null}"
535,2026-10-08T18:19:23.450273+00:00,Emma,update,measurements,2026-09-25 / plant 6,"{""leaves"":0}"
536,2026-10-08T18:19:24.215346+00:00,Emma,update,measurements,2026-09-25 / plant 6,"{""spad"":0}"
537,2026-10-08T18:19:28.298111+00:00,Emma,insert,measurements,2026-09-25 / plant 7,"{""lai"":null,""note"":null,""spad"":0,""leaves"":0,""obs_date"":""2026-09-25"",""plant_id"":7,""height_cm"":0,""updated_at"":""2026-10-08T18:19:28.195+00:00"",""recorded_by"":""Emma"",""internode_cm"":null}"
538,2026-10-08T18:19:45.681386+00:00,Emma,insert,measurements,2026-09-25 / plant 4,"{""lai"":null,""note"":null,""spad"":null,""leaves"":null,""obs_date"":""2026-09-25"",""plant_id"":4,""height_cm"":10,""updated_at"":""2026-10-08T18:19:45.586+00:00"",""recorded_by"":""Emma"",""internode_cm"":null}"
539,2026-10-08T18:19:51.01329+00:00,Emma,update,measurements,2026-09-25 / plant 4,"{""leaves"":5}"
540,2026-10-08T18:20:09.155836+00:00,Emma,insert,measurements,2026-09-25 / plant 5,"{""lai"":null,""note"":null,""spad"":null,""leaves"":null,""obs_date"":""2026-09-25"",""plant_id"":5,""height_cm"":15,""updated_at"":""2026-10-08T18:20:09.06+00:00"",""recorded_by"":""Emma"",""internode_cm"":null}"
541,2026-10-08T18:20:14.469052+00:00,Emma,update,measurements,2026-09-25 / plant 5,"{""leaves"":7}"
542,2026-10-08T18:20:54.911213+00:00,Emma,insert,measurements,2026-09-25 / plant 8,"{""lai"":null,""note"":null,""spad"":null,""leaves"":null,""obs_date"":""2026-09-25"",""plant_id"":8,""height_cm"":18,""updated_at"":""2026-10-08T18:20:54.696+00:00"",""recorded_by"":""Emma"",""internode_cm"":null}"
543,2026-10-08T18:21:01.278823+00:00,Emma,update,measurements,2026-09-25 / plant 8,"{""leaves"":7}"
544,2026-10-08T18:21:09.928056+00:00,Emma,insert,measurements,2026-09-25 / plant 9,"{""lai"":null,""note"":null,""spad"":null,""leaves"":null,""obs_date"":""2026-09-25"",""plant_id"":9,""height_cm"":18,""updated_at"":""2026-10-08T18:21:09.828+00:00"",""recorded_by"":""Emma"",""internode_cm"":null}"
545,2026-10-08T18:21:11.854099+00:00,Emma,update,measurements,2026-09-25 / plant 9,"{""leaves"":5}"
546,2026-10-08T18:21:18.659032+00:00,Emma,insert,measurements,2026-09-25 / plant 10,"{""lai"":null,""note"":null,""spad"":null,""leaves"":null,""obs_date"":""2026-09-25"",""plant_id"":10,""height_cm"":14.5,""updated_at"":""2026-10-08T18:21:18.555+00:00"",""recorded_by"":""Emma"",""internode_cm"":null}"
547,2026-10-08T18:21:21.900633+00:00,Emma,update,measurements,2026-09-25 / plant 10,"{""leaves"":6}"
548,2026-10-08T18:21:26.649538+00:00,Emma,insert,measurements,2026-09-25 / plant 11,"{""lai"":null,""note"":null,""spad"":null,""leaves"":null,""obs_date"":""2026-09-25"",""plant_id"":11,""height_cm"":16.5,""updated_at"":""2026-10-08T18:21:26.552+00:00"",""recorded_by"":""Emma"",""internode_cm"":null}"
549,2026-10-08T18:21:29.607002+00:00,Emma,update,measurements,2026-09-25 / plant 11,"{""leaves"":6}"
550,2026-10-08T18:21:36.014202+00:00,Emma,insert,measurements,2026-09-25 / plant 12,"{""lai"":null,""note"":null,""spad"":null,""leaves"":null,""obs_date"":""2026-09-25"",""plant_id"":12,""height_cm"":22,""updated_at"":""2026-10-08T18:21:35.919+00:00"",""recorded_by"":""Emma"",""internode_cm"":null}"
551,2026-10-08T18:21:37.109047+00:00,Emma,update,measurements,2026-09-25 / plant 12,"{""height_cm"":22.5}"
552,2026-10-08T18:21:39.853224+00:00,Emma,update,measurements,2026-09-25 / plant 12,"{""leaves"":7}"
553,2026-10-08T18:22:10.28419+00:00,Emma,insert,measurements,2026-09-28 / plant 1,"{""lai"":null,""note"":null,""spad"":null,""leaves"":0,""obs_date"":""2026-09-28"",""plant_id"":1,""height_cm"":0,""updated_at"":""2026-10-08T18:22:10.146+00:00"",""recorded_by"":""Emma"",""internode_cm"":null}"
554,2026-10-08T18:22:11.463395+00:00,Emma,insert,measurements,2026-09-28 / plant 2,"{""lai"":null,""note"":null,""spad"":null,""leaves"":0,""obs_date"":""2026-09-28"",""plant_id"":2,""height_cm"":0,""updated_at"":""2026-10-08T18:22:11.368+00:00"",""recorded_by"":""Emma"",""internode_cm"":null}"
555,2026-10-08T18:22:13.57481+00:00,Emma,insert,measurements,2026-09-28 / plant 3,"{""lai"":null,""note"":null,""spad"":null,""leaves"":0,""obs_date"":""2026-09-28"",""plant_id"":3,""height_cm"":0,""updated_at"":""2026-10-08T18:22:13.476+00:00"",""recorded_by"":""Emma"",""internode_cm"":null}"
556,2026-10-08T18:22:15.558291+00:00,Emma,insert,measurements,2026-09-28 / plant 6,"{""lai"":null,""note"":null,""spad"":null,""leaves"":0,""obs_date"":""2026-09-28"",""plant_id"":6,""height_cm"":0,""updated_at"":""2026-10-08T18:22:15.464+00:00"",""recorded_by"":""Emma"",""internode_cm"":null}"
557,2026-10-08T18:22:17.715229+00:00,Emma,insert,measurements,2026-09-28 / plant 7,"{""lai"":null,""note"":null,""spad"":null,""leaves"":0,""obs_date"":""2026-09-28"",""plant_id"":7,""height_cm"":0,""updated_at"":""2026-10-08T18:22:17.61+00:00"",""recorded_by"":""Emma"",""internode_cm"":null}"
558,2026-10-08T18:22:34.155144+00:00,Emma,insert,measurements,2026-09-28 / plant 4,"{""lai"":null,""note"":null,""spad"":null,""leaves"":null,""obs_date"":""2026-09-28"",""plant_id"":4,""height_cm"":15.5,""updated_at"":""2026-10-08T18:22:34.05+00:00"",""recorded_by"":""Emma"",""internode_cm"":null}"
559,2026-10-08T18:22:37.537019+00:00,Emma,update,measurements,2026-09-28 / plant 4,"{""leaves"":6}"
560,2026-10-08T18:22:54.015361+00:00,Emma,insert,measurements,2026-09-28 / plant 5,"{""lai"":null,""note"":null,""spad"":null,""leaves"":null,""obs_date"":""2026-09-28"",""plant_id"":5,""height_cm"":17.5,""updated_at"":""2026-10-08T18:22:53.912+00:00"",""recorded_by"":""Emma"",""internode_cm"":null}"
561,2026-10-08T18:22:58.487131+00:00,Emma,update,measurements,2026-09-28 / plant 5,"{""leaves"":8}"
562,2026-10-08T18:23:04.436769+00:00,Emma,insert,measurements,2026-09-28 / plant 8,"{""lai"":null,""note"":null,""spad"":null,""leaves"":null,""obs_date"":""2026-09-28"",""plant_id"":8,""height_cm"":22.5,""updated_at"":""2026-10-08T18:23:04.326+00:00"",""recorded_by"":""Emma"",""internode_cm"":null}"
563,2026-10-08T18:23:10.849327+00:00,Emma,update,measurements,2026-09-28 / plant 8,"{""leaves"":7}"
564,2026-10-08T18:23:16.011594+00:00,Emma,insert,measurements,2026-09-28 / plant 9,"{""lai"":null,""note"":null,""spad"":null,""leaves"":null,""obs_date"":""2026-09-28"",""plant_id"":9,""height_cm"":20,""updated_at"":""2026-10-08T18:23:15.916+00:00"",""recorded_by"":""Emma"",""internode_cm"":null}"
565,2026-10-08T18:23:17.746479+00:00,Emma,update,measurements,2026-09-28 / plant 9,"{""leaves"":6}"
566,2026-10-08T18:23:26.786836+00:00,Emma,insert,measurements,2026-09-28 / plant 10,"{""lai"":null,""note"":null,""spad"":null,""leaves"":null,""obs_date"":""2026-09-28"",""plant_id"":10,""height_cm"":16.5,""updated_at"":""2026-10-08T18:23:26.695+00:00"",""recorded_by"":""Emma"",""internode_cm"":null}"
567,2026-10-08T18:23:30.376964+00:00,Emma,update,measurements,2026-09-28 / plant 10,"{""leaves"":7}"
568,2026-10-08T18:23:35.230826+00:00,Emma,insert,measurements,2026-09-28 / plant 11,"{""lai"":null,""note"":null,""spad"":null,""leaves"":null,""obs_date"":""2026-09-28"",""plant_id"":11,""height_cm"":1,""updated_at"":""2026-10-08T18:23:35.133+00:00"",""recorded_by"":""Emma"",""internode_cm"":null}"
569,2026-10-08T18:23:36.233964+00:00,Emma,update,measurements,2026-09-28 / plant 11,"{""height_cm"":18}"
570,2026-10-08T18:23:39.635767+00:00,Emma,update,measurements,2026-09-28 / plant 11,"{""leaves"":6}"
571,2026-10-08T18:23:44.131115+00:00,Emma,insert,measurements,2026-09-28 / plant 12,"{""lai"":null,""note"":null,""spad"":null,""leaves"":null,""obs_date"":""2026-09-28"",""plant_id"":12,""height_cm"":25,""updated_at"":""2026-10-08T18:23:44.023+00:00"",""recorded_by"":""Emma"",""internode_cm"":null}"
572,2026-10-08T18:23:46.910323+00:00,Emma,update,measurements,2026-09-28 / plant 12,"{""leaves"":8}"
573,2026-10-08T18:24:06.28435+00:00,Emma,insert,measurements,2026-09-29 / plant 1,"{""lai"":null,""note"":null,""spad"":null,""leaves"":0,""obs_date"":""2026-09-29"",""plant_id"":1,""height_cm"":0,""updated_at"":""2026-10-08T18:24:06.18+00:00"",""recorded_by"":""Emma"",""internode_cm"":null}"
574,2026-10-08T18:24:08.800783+00:00,Emma,insert,measurements,2026-09-29 / plant 2,"{""lai"":null,""note"":null,""spad"":null,""leaves"":0,""obs_date"":""2026-09-29"",""plant_id"":2,""height_cm"":0,""updated_at"":""2026-10-08T18:24:08.71+00:00"",""recorded_by"":""Emma"",""internode_cm"":null}"
575,2026-10-08T18:24:09.949331+00:00,Emma,insert,measurements,2026-09-29 / plant 3,"{""lai"":null,""note"":null,""spad"":null,""leaves"":0,""obs_date"":""2026-09-29"",""plant_id"":3,""height_cm"":0,""updated_at"":""2026-10-08T18:24:09.86+00:00"",""recorded_by"":""Emma"",""internode_cm"":null}"
576,2026-10-08T18:24:12.196686+00:00,Emma,insert,measurements,2026-09-29 / plant 6,"{""lai"":null,""note"":null,""spad"":null,""leaves"":0,""obs_date"":""2026-09-29"",""plant_id"":6,""height_cm"":0,""updated_at"":""2026-10-08T18:24:12.096+00:00"",""recorded_by"":""Emma"",""internode_cm"":null}"
577,2026-10-08T18:24:14.062981+00:00,Emma,insert,measurements,2026-09-29 / plant 7,"{""lai"":null,""note"":null,""spad"":null,""leaves"":0,""obs_date"":""2026-09-29"",""plant_id"":7,""height_cm"":0,""updated_at"":""2026-10-08T18:24:13.964+00:00"",""recorded_by"":""Emma"",""internode_cm"":null}"
578,2026-10-08T18:24:21.608325+00:00,Emma,insert,measurements,2026-09-29 / plant 4,"{""lai"":null,""note"":null,""spad"":null,""leaves"":null,""obs_date"":""2026-09-29"",""plant_id"":4,""height_cm"":15.5,""updated_at"":""2026-10-08T18:24:21.507+00:00"",""recorded_by"":""Emma"",""internode_cm"":null}"
579,2026-10-08T18:24:24.040616+00:00,Emma,update,measurements,2026-09-29 / plant 4,"{""leaves"":6}"
580,2026-10-08T18:24:36.318561+00:00,Emma,insert,measurements,2026-09-29 / plant 5,"{""lai"":null,""note"":null,""spad"":null,""leaves"":null,""obs_date"":""2026-09-29"",""plant_id"":5,""height_cm"":20,""updated_at"":""2026-10-08T18:24:36.222+00:00"",""recorded_by"":""Emma"",""internode_cm"":null}"
581,2026-10-08T18:24:41.750112+00:00,Emma,update,measurements,2026-09-29 / plant 5,"{""leaves"":9}"
582,2026-10-08T18:24:50.59896+00:00,Emma,insert,measurements,2026-09-29 / plant 8,"{""lai"":null,""note"":null,""spad"":null,""leaves"":null,""obs_date"":""2026-09-29"",""plant_id"":8,""height_cm"":2,""updated_at"":""2026-10-08T18:24:50.504+00:00"",""recorded_by"":""Emma"",""internode_cm"":null}"
583,2026-10-08T18:24:51.564314+00:00,Emma,update,measurements,2026-09-29 / plant 8,"{""height_cm"":24}"
584,2026-10-08T18:24:56.606015+00:00,Emma,update,measurements,2026-09-29 / plant 8,"{""leaves"":8}"
585,2026-10-08T18:25:01.034492+00:00,Emma,insert,measurements,2026-09-29 / plant 9,"{""lai"":null,""note"":null,""spad"":null,""leaves"":null,""obs_date"":""2026-09-29"",""plant_id"":9,""height_cm"":22,""updated_at"":""2026-10-08T18:25:00.941+00:00"",""recorded_by"":""Emma"",""internode_cm"":null}"
586,2026-10-08T18:25:02.550559+00:00,Emma,update,measurements,2026-09-29 / plant 9,"{""height_cm"":22.5}"
587,2026-10-08T18:25:04.125119+00:00,Emma,update,measurements,2026-09-29 / plant 9,"{""leaves"":6}"
588,2026-10-08T18:25:09.451414+00:00,Emma,insert,measurements,2026-09-29 / plant 10,"{""lai"":null,""note"":null,""spad"":null,""leaves"":null,""obs_date"":""2026-09-29"",""plant_id"":10,""height_cm"":1,""updated_at"":""2026-10-08T18:25:09.349+00:00"",""recorded_by"":""Emma"",""internode_cm"":null}"
589,2026-10-08T18:25:11.008534+00:00,Emma,update,measurements,2026-09-29 / plant 10,"{""height_cm"":16.5}"
590,2026-10-08T18:25:26.493088+00:00,Emma,update,measurements,2026-09-29 / plant 10,"{""leaves"":7}"
591,2026-10-08T18:25:31.984801+00:00,Emma,insert,measurements,2026-09-29 / plant 11,"{""lai"":null,""note"":null,""spad"":null,""leaves"":null,""obs_date"":""2026-09-29"",""plant_id"":11,""height_cm"":19,""updated_at"":""2026-10-08T18:25:31.885+00:00"",""recorded_by"":""Emma"",""internode_cm"":null}"
592,2026-10-08T18:25:39.701598+00:00,Emma,update,measurements,2026-09-29 / plant 11,"{""leaves"":6}"
593,2026-10-08T18:25:44.088829+00:00,Emma,insert,measurements,2026-09-29 / plant 12,"{""lai"":null,""note"":null,""spad"":null,""leaves"":null,""obs_date"":""2026-09-29"",""plant_id"":12,""height_cm"":25.5,""updated_at"":""2026-10-08T18:25:43.967+00:00"",""recorded_by"":""Emma"",""internode_cm"":null}"
594,2026-10-08T18:25:46.352837+00:00,Emma,update,measurements,2026-09-29 / plant 12,"{""leaves"":8}"
595,2026-10-08T18:25:57.052959+00:00,Emma,insert,measurements,2026-09-30 / plant 1,"{""lai"":null,""note"":null,""spad"":null,""leaves"":0,""obs_date"":""2026-09-30"",""plant_id"":1,""height_cm"":0,""updated_at"":""2026-10-08T18:25:56.961+00:00"",""recorded_by"":""Emma"",""internode_cm"":null}"
596,2026-10-08T18:25:58.351914+00:00,Emma,insert,measurements,2026-09-30 / plant 2,"{""lai"":null,""note"":null,""spad"":null,""leaves"":0,""obs_date"":""2026-09-30"",""plant_id"":2,""height_cm"":0,""updated_at"":""2026-10-08T18:25:58.252+00:00"",""recorded_by"":""Emma"",""internode_cm"":null}"
597,2026-10-08T18:25:59.490027+00:00,Emma,insert,measurements,2026-09-30 / plant 3,"{""lai"":null,""note"":null,""spad"":null,""leaves"":0,""obs_date"":""2026-09-30"",""plant_id"":3,""height_cm"":0,""updated_at"":""2026-10-08T18:25:59.399+00:00"",""recorded_by"":""Emma"",""internode_cm"":null}"
598,2026-10-08T18:26:02.295794+00:00,Emma,insert,measurements,2026-09-30 / plant 6,"{""lai"":null,""note"":null,""spad"":null,""leaves"":0,""obs_date"":""2026-09-30"",""plant_id"":6,""height_cm"":0,""updated_at"":""2026-10-08T18:26:02.194+00:00"",""recorded_by"":""Emma"",""internode_cm"":null}"
599,2026-10-08T18:26:04.209292+00:00,Emma,insert,measurements,2026-09-30 / plant 7,"{""lai"":null,""note"":null,""spad"":null,""leaves"":0,""obs_date"":""2026-09-30"",""plant_id"":7,""height_cm"":0,""updated_at"":""2026-10-08T18:26:04.114+00:00"",""recorded_by"":""Emma"",""internode_cm"":null}"
600,2026-10-08T18:26:10.057485+00:00,Emma,insert,measurements,2026-09-30 / plant 4,"{""lai"":null,""note"":null,""spad"":null,""leaves"":null,""obs_date"":""2026-09-30"",""plant_id"":4,""height_cm"":16,""updated_at"":""2026-10-08T18:26:09.961+00:00"",""recorded_by"":""Emma"",""internode_cm"":null}"
601,2026-10-08T18:26:11.599414+00:00,Emma,update,measurements,2026-09-30 / plant 4,"{""leaves"":6}"
602,2026-10-08T18:26:27.793945+00:00,Emma,insert,measurements,2026-09-30 / plant 5,"{""lai"":null,""note"":null,""spad"":null,""leaves"":null,""obs_date"":""2026-09-30"",""plant_id"":5,""height_cm"":2,""updated_at"":""2026-10-08T18:26:27.698+00:00"",""recorded_by"":""Emma"",""internode_cm"":null}"
603,2026-10-08T18:26:28.519325+00:00,Emma,update,measurements,2026-09-30 / plant 5,"{""height_cm"":23}"
604,2026-10-08T18:26:31.833545+00:00,Emma,update,measurements,2026-09-30 / plant 5,"{""leaves"":9}"
605,2026-10-08T18:26:37.937034+00:00,Emma,insert,measurements,2026-09-30 / plant 8,"{""lai"":null,""note"":null,""spad"":null,""leaves"":null,""obs_date"":""2026-09-30"",""plant_id"":8,""height_cm"":2,""updated_at"":""2026-10-08T18:26:37.835+00:00"",""recorded_by"":""Emma"",""internode_cm"":null}"
606,2026-10-08T18:26:39.990922+00:00,Emma,update,measurements,2026-09-30 / plant 8,"{""height_cm"":25}"
607,2026-10-08T18:26:44.55028+00:00,Emma,update,measurements,2026-09-30 / plant 8,"{""leaves"":9}"
608,2026-10-08T18:26:48.685574+00:00,Emma,insert,measurements,2026-09-30 / plant 9,"{""lai"":null,""note"":null,""spad"":null,""leaves"":null,""obs_date"":""2026-09-30"",""plant_id"":9,""height_cm"":23,""updated_at"":""2026-10-08T18:26:48.578+00:00"",""recorded_by"":""Emma"",""internode_cm"":null}"
609,2026-10-08T18:26:51.644482+00:00,Emma,update,measurements,2026-09-30 / plant 9,"{""leaves"":7}"
610,2026-10-08T18:26:55.852716+00:00,Emma,insert,measurements,2026-09-30 / plant 10,"{""lai"":null,""note"":null,""spad"":null,""leaves"":null,""obs_date"":""2026-09-30"",""plant_id"":10,""height_cm"":1,""updated_at"":""2026-10-08T18:26:55.756+00:00"",""recorded_by"":""Emma"",""internode_cm"":null}"
611,2026-10-08T18:26:57.344943+00:00,Emma,update,measurements,2026-09-30 / plant 10,"{""height_cm"":17.5}"
612,2026-10-08T18:26:58.701604+00:00,Emma,update,measurements,2026-09-30 / plant 10,"{""leaves"":7}"
613,2026-10-08T18:27:05.79601+00:00,Emma,insert,measurements,2026-09-30 / plant 11,"{""lai"":null,""note"":null,""spad"":null,""leaves"":null,""obs_date"":""2026-09-30"",""plant_id"":11,""height_cm"":19,""updated_at"":""2026-10-08T18:27:05.69+00:00"",""recorded_by"":""Emma"",""internode_cm"":null}"
614,2026-10-08T18:27:08.626735+00:00,Emma,update,measurements,2026-09-30 / plant 11,"{""leaves"":6}"
615,2026-10-08T18:27:12.880688+00:00,Emma,insert,measurements,2026-09-30 / plant 12,"{""lai"":null,""note"":null,""spad"":null,""leaves"":null,""obs_date"":""2026-09-30"",""plant_id"":12,""height_cm"":266,""updated_at"":""2026-10-08T18:27:12.781+00:00"",""recorded_by"":""Emma"",""internode_cm"":null}"
616,2026-10-08T18:27:13.834383+00:00,Emma,update,measurements,2026-09-30 / plant 12,"{""height_cm"":26}"
617,2026-10-08T18:27:16.28481+00:00,Emma,update,measurements,2026-09-30 / plant 12,"{""leaves"":8}"
618,2026-10-08T18:27:23.062506+00:00,Emma,insert,measurements,2026-10-01 / plant 1,"{""lai"":null,""note"":null,""spad"":null,""leaves"":0,""obs_date"":""2026-10-01"",""plant_id"":1,""height_cm"":0,""updated_at"":""2026-10-08T18:27:22.969+00:00"",""recorded_by"":""Emma"",""internode_cm"":null}"
619,2026-10-08T18:27:23.634827+00:00,Emma,insert,measurements,2026-10-01 / plant 2,"{""lai"":null,""note"":null,""spad"":null,""leaves"":null,""obs_date"":""2026-10-01"",""plant_id"":2,""height_cm"":0,""updated_at"":""2026-10-08T18:27:23.54+00:00"",""recorded_by"":""Emma"",""internode_cm"":null}"
620,2026-10-08T18:27:24.295469+00:00,Emma,update,measurements,2026-10-01 / plant 2,"{""leaves"":0}"
621,2026-10-08T18:27:25.703854+00:00,Emma,insert,measurements,2026-10-01 / plant 3,"{""lai"":null,""note"":null,""spad"":null,""leaves"":0,""obs_date"":""2026-10-01"",""plant_id"":3,""height_cm"":0,""updated_at"":""2026-10-08T18:27:25.606+00:00"",""recorded_by"":""Emma"",""internode_cm"":null}"
622,2026-10-08T18:27:28.379858+00:00,Emma,insert,measurements,2026-10-01 / plant 6,"{""lai"":null,""note"":null,""spad"":null,""leaves"":0,""obs_date"":""2026-10-01"",""plant_id"":6,""height_cm"":0,""updated_at"":""2026-10-08T18:27:28.282+00:00"",""recorded_by"":""Emma"",""internode_cm"":null}"
623,2026-10-08T18:27:30.232216+00:00,Emma,insert,measurements,2026-10-01 / plant 7,"{""lai"":null,""note"":null,""spad"":null,""leaves"":0,""obs_date"":""2026-10-01"",""plant_id"":7,""height_cm"":0,""updated_at"":""2026-10-08T18:27:30.137+00:00"",""recorded_by"":""Emma"",""internode_cm"":null}"
624,2026-10-08T18:27:34.36249+00:00,Emma,insert,measurements,2026-10-01 / plant 4,"{""lai"":null,""note"":null,""spad"":null,""leaves"":null,""obs_date"":""2026-10-01"",""plant_id"":4,""height_cm"":16.5,""updated_at"":""2026-10-08T18:27:34.265+00:00"",""recorded_by"":""Emma"",""internode_cm"":null}"
625,2026-10-08T18:27:36.699064+00:00,Emma,update,measurements,2026-10-01 / plant 4,"{""leaves"":7}"
626,2026-10-08T18:27:39.555822+00:00,Emma,insert,measurements,2026-10-01 / plant 5,"{""lai"":null,""note"":null,""spad"":null,""leaves"":null,""obs_date"":""2026-10-01"",""plant_id"":5,""height_cm"":24.5,""updated_at"":""2026-10-08T18:27:39.461+00:00"",""recorded_by"":""Emma"",""internode_cm"":null}"
627,2026-10-08T18:27:41.342122+00:00,Emma,update,measurements,2026-10-01 / plant 5,"{""leaves"":9}"
628,2026-10-08T18:27:45.605379+00:00,Emma,insert,measurements,2026-10-01 / plant 8,"{""lai"":null,""note"":null,""spad"":null,""leaves"":null,""obs_date"":""2026-10-01"",""plant_id"":8,""height_cm"":25.5,""updated_at"":""2026-10-08T18:27:45.509+00:00"",""recorded_by"":""Emma"",""internode_cm"":null}"
629,2026-10-08T18:27:47.217033+00:00,Emma,update,measurements,2026-10-01 / plant 8,"{""leaves"":9}"
630,2026-10-08T18:27:52.335902+00:00,Emma,insert,measurements,2026-10-01 / plant 9,"{""lai"":null,""note"":null,""spad"":null,""leaves"":null,""obs_date"":""2026-10-01"",""plant_id"":9,""height_cm"":24,""updated_at"":""2026-10-08T18:27:52.236+00:00"",""recorded_by"":""Emma"",""internode_cm"":null}"
631,2026-10-08T18:27:54.655232+00:00,Emma,update,measurements,2026-10-01 / plant 9,"{""leaves"":8}"
632,2026-10-08T18:27:57.983509+00:00,Emma,insert,measurements,2026-10-01 / plant 10,"{""lai"":null,""note"":null,""spad"":null,""leaves"":null,""obs_date"":""2026-10-01"",""plant_id"":10,""height_cm"":18,""updated_at"":""2026-10-08T18:27:57.883+00:00"",""recorded_by"":""Emma"",""internode_cm"":null}"
633,2026-10-08T18:27:59.913386+00:00,Emma,update,measurements,2026-10-01 / plant 10,"{""leaves"":7}"
634,2026-10-08T18:28:02.921681+00:00,Emma,insert,measurements,2026-10-01 / plant 11,"{""lai"":null,""note"":null,""spad"":null,""leaves"":null,""obs_date"":""2026-10-01"",""plant_id"":11,""height_cm"":20.5,""updated_at"":""2026-10-08T18:28:02.816+00:00"",""recorded_by"":""Emma"",""internode_cm"":null}"
635,2026-10-08T18:28:04.568988+00:00,Emma,update,measurements,2026-10-01 / plant 11,"{""leaves"":6}"
636,2026-10-08T18:28:06.627196+00:00,Emma,insert,measurements,2026-10-01 / plant 12,"{""lai"":null,""note"":null,""spad"":null,""leaves"":null,""obs_date"":""2026-10-01"",""plant_id"":12,""height_cm"":27,""updated_at"":""2026-10-08T18:28:06.52+00:00"",""recorded_by"":""Emma"",""internode_cm"":null}"
637,2026-10-08T18:28:08.292355+00:00,Emma,update,measurements,2026-10-01 / plant 12,"{""leaves"":8}"
638,2026-10-08T18:28:38.52959+00:00,Emma,insert,measurements,2026-10-02 / plant 1,"{""lai"":null,""note"":null,""spad"":null,""leaves"":0,""obs_date"":""2026-10-02"",""plant_id"":1,""height_cm"":0,""updated_at"":""2026-10-08T18:28:38.318+00:00"",""recorded_by"":""Emma"",""internode_cm"":null}"
639,2026-10-08T18:28:39.46296+00:00,Emma,update,measurements,2026-10-02 / plant 1,"{""spad"":0}"
640,2026-10-08T18:28:40.709808+00:00,Emma,insert,measurements,2026-10-02 / plant 2,"{""lai"":null,""note"":null,""spad"":null,""leaves"":0,""obs_date"":""2026-10-02"",""plant_id"":2,""height_cm"":0,""updated_at"":""2026-10-08T18:28:40.615+00:00"",""recorded_by"":""Emma"",""internode_cm"":null}"
641,2026-10-08T18:28:41.39532+00:00,Emma,update,measurements,2026-10-02 / plant 2,"{""spad"":0}"
642,2026-10-08T18:28:43.09969+00:00,Emma,insert,measurements,2026-10-02 / plant 3,"{""lai"":null,""note"":null,""spad"":0,""leaves"":0,""obs_date"":""2026-10-02"",""plant_id"":3,""height_cm"":0,""updated_at"":""2026-10-08T18:28:43.001+00:00"",""recorded_by"":""Emma"",""internode_cm"":null}"
643,2026-10-08T18:28:45.948425+00:00,Emma,insert,measurements,2026-10-02 / plant 6,"{""lai"":null,""note"":null,""spad"":0,""leaves"":0,""obs_date"":""2026-10-02"",""plant_id"":6,""height_cm"":0,""updated_at"":""2026-10-08T18:28:45.848+00:00"",""recorded_by"":""Emma"",""internode_cm"":null}"
644,2026-10-08T18:28:48.593884+00:00,Emma,insert,measurements,2026-10-02 / plant 7,"{""lai"":null,""note"":null,""spad"":0,""leaves"":0,""obs_date"":""2026-10-02"",""plant_id"":7,""height_cm"":0,""updated_at"":""2026-10-08T18:28:48.496+00:00"",""recorded_by"":""Emma"",""internode_cm"":null}"
645,2026-10-08T18:28:58.594051+00:00,Emma,insert,measurements,2026-10-02 / plant 4,"{""lai"":null,""note"":null,""spad"":null,""leaves"":null,""obs_date"":""2026-10-02"",""plant_id"":4,""height_cm"":17,""updated_at"":""2026-10-08T18:28:58.494+00:00"",""recorded_by"":""Emma"",""internode_cm"":null}"
646,2026-10-08T18:29:00.712094+00:00,Emma,update,measurements,2026-10-02 / plant 4,"{""leaves"":7}"
647,2026-10-08T18:29:05.849627+00:00,Emma,insert,measurements,2026-10-02 / plant 5,"{""lai"":null,""note"":null,""spad"":null,""leaves"":null,""obs_date"":""2026-10-02"",""plant_id"":5,""height_cm"":25.5,""updated_at"":""2026-10-08T18:29:05.752+00:00"",""recorded_by"":""Emma"",""internode_cm"":null}"
648,2026-10-08T18:29:07.827341+00:00,Emma,update,measurements,2026-10-02 / plant 5,"{""leaves"":9}"
649,2026-10-08T18:29:21.807836+00:00,Emma,insert,measurements,2026-10-02 / plant 8,"{""lai"":null,""note"":null,""spad"":null,""leaves"":null,""obs_date"":""2026-10-02"",""plant_id"":8,""height_cm"":25.5,""updated_at"":""2026-10-08T18:29:21.711+00:00"",""recorded_by"":""Emma"",""internode_cm"":null}"
650,2026-10-08T18:29:25.014764+00:00,Emma,update,measurements,2026-10-02 / plant 8,"{""leaves"":9}"
651,2026-10-08T18:29:30.506939+00:00,Emma,insert,measurements,2026-10-02 / plant 9,"{""lai"":null,""note"":null,""spad"":null,""leaves"":null,""obs_date"":""2026-10-02"",""plant_id"":9,""height_cm"":24.5,""updated_at"":""2026-10-08T18:29:30.411+00:00"",""recorded_by"":""Emma"",""internode_cm"":null}"
652,2026-10-08T18:29:33.420403+00:00,Emma,update,measurements,2026-10-02 / plant 9,"{""leaves"":9}"
653,2026-10-08T18:29:40.726516+00:00,Emma,insert,measurements,2026-10-02 / plant 10,"{""lai"":null,""note"":null,""spad"":null,""leaves"":null,""obs_date"":""2026-10-02"",""plant_id"":10,""height_cm"":19,""updated_at"":""2026-10-08T18:29:40.629+00:00"",""recorded_by"":""Emma"",""internode_cm"":null}"
654,2026-10-08T18:29:42.126179+00:00,Emma,update,measurements,2026-10-02 / plant 10,"{""leaves"":8}"
655,2026-10-08T18:29:47.492667+00:00,Emma,insert,measurements,2026-10-02 / plant 11,"{""lai"":null,""note"":null,""spad"":null,""leaves"":null,""obs_date"":""2026-10-02"",""plant_id"":11,""height_cm"":20.5,""updated_at"":""2026-10-08T18:29:47.395+00:00"",""recorded_by"":""Emma"",""internode_cm"":null}"
656,2026-10-08T18:29:49.000864+00:00,Emma,update,measurements,2026-10-02 / plant 11,"{""leaves"":7}"
657,2026-10-08T18:29:52.248314+00:00,Emma,insert,measurements,2026-10-02 / plant 12,"{""lai"":null,""note"":null,""spad"":null,""leaves"":9,""obs_date"":""2026-10-02"",""plant_id"":12,""height_cm"":null,""updated_at"":""2026-10-08T18:29:52.144+00:00"",""recorded_by"":""Emma"",""internode_cm"":null}"
658,2026-10-08T18:29:55.810778+00:00,Emma,update,measurements,2026-10-02 / plant 12,"{""height_cm"":27.5}"
659,2026-10-08T18:30:03.766209+00:00,Emma,insert,measurements,2026-10-05 / plant 1,"{""lai"":null,""note"":null,""spad"":null,""leaves"":0,""obs_date"":""2026-10-05"",""plant_id"":1,""height_cm"":0,""updated_at"":""2026-10-08T18:30:03.663+00:00"",""recorded_by"":""Emma"",""internode_cm"":null}"
660,2026-10-08T18:30:04.319002+00:00,Emma,insert,measurements,2026-10-05 / plant 2,"{""lai"":null,""note"":null,""spad"":null,""leaves"":null,""obs_date"":""2026-10-05"",""plant_id"":2,""height_cm"":0,""updated_at"":""2026-10-08T18:30:04.22+00:00"",""recorded_by"":""Emma"",""internode_cm"":null}"
661,2026-10-08T18:30:05.17655+00:00,Emma,update,measurements,2026-10-05 / plant 2,"{""leaves"":0}"
662,2026-10-08T18:30:06.949253+00:00,Emma,insert,measurements,2026-10-05 / plant 3,"{""lai"":null,""note"":null,""spad"":null,""leaves"":0,""obs_date"":""2026-10-05"",""plant_id"":3,""height_cm"":0,""updated_at"":""2026-10-08T18:30:06.85+00:00"",""recorded_by"":""Emma"",""internode_cm"":null}"
663,2026-10-08T18:30:10.44755+00:00,Emma,insert,measurements,2026-10-05 / plant 6,"{""lai"":null,""note"":null,""spad"":null,""leaves"":0,""obs_date"":""2026-10-05"",""plant_id"":6,""height_cm"":0,""updated_at"":""2026-10-08T18:30:10.351+00:00"",""recorded_by"":""Emma"",""internode_cm"":null}"
664,2026-10-08T18:30:12.058654+00:00,Emma,insert,measurements,2026-10-05 / plant 7,"{""lai"":null,""note"":null,""spad"":null,""leaves"":0,""obs_date"":""2026-10-05"",""plant_id"":7,""height_cm"":0,""updated_at"":""2026-10-08T18:30:11.966+00:00"",""recorded_by"":""Emma"",""internode_cm"":null}"
665,2026-10-08T18:30:15.349497+00:00,Emma,insert,measurements,2026-10-05 / plant 4,"{""lai"":null,""note"":null,""spad"":null,""leaves"":null,""obs_date"":""2026-10-05"",""plant_id"":4,""height_cm"":19.5,""updated_at"":""2026-10-08T18:30:15.251+00:00"",""recorded_by"":""Emma"",""internode_cm"":null}"
666,2026-10-08T18:30:17.010016+00:00,Emma,update,measurements,2026-10-05 / plant 4,"{""leaves"":9}"
667,2026-10-08T18:30:19.379398+00:00,Emma,insert,measurements,2026-10-05 / plant 5,"{""lai"":null,""note"":null,""spad"":null,""leaves"":null,""obs_date"":""2026-10-05"",""plant_id"":5,""height_cm"":29,""updated_at"":""2026-10-08T18:30:19.283+00:00"",""recorded_by"":""Emma"",""internode_cm"":null}"
668,2026-10-08T18:30:21.51136+00:00,Emma,update,measurements,2026-10-05 / plant 5,"{""leaves"":11}"
669,2026-10-08T18:30:25.547185+00:00,Emma,insert,measurements,2026-10-05 / plant 8,"{""lai"":null,""note"":null,""spad"":null,""leaves"":null,""obs_date"":""2026-10-05"",""plant_id"":8,""height_cm"":30,""updated_at"":""2026-10-08T18:30:25.449+00:00"",""recorded_by"":""Emma"",""internode_cm"":null}"
670,2026-10-08T18:30:28.179626+00:00,Emma,update,measurements,2026-10-05 / plant 8,"{""leaves"":10}"
671,2026-10-08T18:30:32.752606+00:00,Emma,insert,measurements,2026-10-05 / plant 9,"{""lai"":null,""note"":null,""spad"":null,""leaves"":null,""obs_date"":""2026-10-05"",""plant_id"":9,""height_cm"":28.5,""updated_at"":""2026-10-08T18:30:32.649+00:00"",""recorded_by"":""Emma"",""internode_cm"":null}"
672,2026-10-08T18:30:35.654867+00:00,Emma,update,measurements,2026-10-05 / plant 9,"{""leaves"":10}"
673,2026-10-08T18:30:38.367871+00:00,Emma,insert,measurements,2026-10-05 / plant 10,"{""lai"":null,""note"":null,""spad"":null,""leaves"":null,""obs_date"":""2026-10-05"",""plant_id"":10,""height_cm"":21,""updated_at"":""2026-10-08T18:30:38.269+00:00"",""recorded_by"":""Emma"",""internode_cm"":null}"
674,2026-10-08T18:30:40.408553+00:00,Emma,update,measurements,2026-10-05 / plant 10,"{""leaves"":8}"
675,2026-10-08T18:30:43.089625+00:00,Emma,insert,measurements,2026-10-05 / plant 11,"{""lai"":null,""note"":null,""spad"":null,""leaves"":null,""obs_date"":""2026-10-05"",""plant_id"":11,""height_cm"":24,""updated_at"":""2026-10-08T18:30:42.995+00:00"",""recorded_by"":""Emma"",""internode_cm"":null}"
676,2026-10-08T18:30:44.763514+00:00,Emma,update,measurements,2026-10-05 / plant 11,"{""leaves"":9}"
677,2026-10-08T18:30:47.939932+00:00,Emma,insert,measurements,2026-10-05 / plant 12,"{""lai"":null,""note"":null,""spad"":null,""leaves"":null,""obs_date"":""2026-10-05"",""plant_id"":12,""height_cm"":30.5,""updated_at"":""2026-10-08T18:30:47.84+00:00"",""recorded_by"":""Emma"",""internode_cm"":null}"
678,2026-10-08T18:30:49.63937+00:00,Emma,update,measurements,2026-10-05 / plant 12,"{""leaves"":10}"
679,2026-10-08T18:30:58.850659+00:00,Emma,insert,measurements,2026-10-06 / plant 1,"{""lai"":null,""note"":null,""spad"":null,""leaves"":0,""obs_date"":""2026-10-06"",""plant_id"":1,""height_cm"":0,""updated_at"":""2026-10-08T18:30:58.749+00:00"",""recorded_by"":""Emma"",""internode_cm"":null}"
680,2026-10-08T18:30:59.888513+00:00,Emma,insert,measurements,2026-10-06 / plant 2,"{""lai"":null,""note"":null,""spad"":null,""leaves"":0,""obs_date"":""2026-10-06"",""plant_id"":2,""height_cm"":0,""updated_at"":""2026-10-08T18:30:59.794+00:00"",""recorded_by"":""Emma"",""internode_cm"":null}"
681,2026-10-08T18:31:01.183768+00:00,Emma,insert,measurements,2026-10-06 / plant 3,"{""lai"":null,""note"":null,""spad"":null,""leaves"":0,""obs_date"":""2026-10-06"",""plant_id"":3,""height_cm"":0,""updated_at"":""2026-10-08T18:31:01.081+00:00"",""recorded_by"":""Emma"",""internode_cm"":null}"
682,2026-10-08T18:31:03.168471+00:00,Emma,insert,measurements,2026-10-06 / plant 6,"{""lai"":null,""note"":null,""spad"":null,""leaves"":0,""obs_date"":""2026-10-06"",""plant_id"":6,""height_cm"":0,""updated_at"":""2026-10-08T18:31:03.07+00:00"",""recorded_by"":""Emma"",""internode_cm"":null}"
683,2026-10-08T18:31:05.065937+00:00,Emma,insert,measurements,2026-10-06 / plant 7,"{""lai"":null,""note"":null,""spad"":null,""leaves"":0,""obs_date"":""2026-10-06"",""plant_id"":7,""height_cm"":0,""updated_at"":""2026-10-08T18:31:04.944+00:00"",""recorded_by"":""Emma"",""internode_cm"":null}"
684,2026-10-08T18:32:32.792912+00:00,Emma,insert,measurements,2026-10-06 / plant 4,"{""lai"":null,""note"":null,""spad"":null,""leaves"":null,""obs_date"":""2026-10-06"",""plant_id"":4,""height_cm"":20,""updated_at"":""2026-10-08T18:32:32.382+00:00"",""recorded_by"":""Emma"",""internode_cm"":null}"
685,2026-10-08T18:32:34.716751+00:00,Emma,update,measurements,2026-10-06 / plant 4,"{""leaves"":9}"
686,2026-10-08T18:32:37.208719+00:00,Emma,insert,measurements,2026-10-06 / plant 5,"{""lai"":null,""note"":null,""spad"":null,""leaves"":null,""obs_date"":""2026-10-06"",""plant_id"":5,""height_cm"":30,""updated_at"":""2026-10-08T18:32:37.108+00:00"",""recorded_by"":""Emma"",""internode_cm"":null}"
687,2026-10-08T18:32:39.524754+00:00,Emma,update,measurements,2026-10-06 / plant 5,"{""leaves"":13}"
688,2026-10-08T18:32:42.180018+00:00,Emma,insert,measurements,2026-10-06 / plant 8,"{""lai"":null,""note"":null,""spad"":null,""leaves"":null,""obs_date"":""2026-10-06"",""plant_id"":8,""height_cm"":32,""updated_at"":""2026-10-08T18:32:42.07+00:00"",""recorded_by"":""Emma"",""internode_cm"":null}"
689,2026-10-08T18:32:43.95247+00:00,Emma,update,measurements,2026-10-06 / plant 8,"{""leaves"":12}"
690,2026-10-08T18:32:48.216307+00:00,Emma,insert,measurements,2026-10-06 / plant 9,"{""lai"":null,""note"":null,""spad"":null,""leaves"":null,""obs_date"":""2026-10-06"",""plant_id"":9,""height_cm"":29,""updated_at"":""2026-10-08T18:32:48.115+00:00"",""recorded_by"":""Emma"",""internode_cm"":null}"
691,2026-10-08T18:32:50.082192+00:00,Emma,update,measurements,2026-10-06 / plant 9,"{""leaves"":10}"
692,2026-10-08T18:32:53.577191+00:00,Emma,insert,measurements,2026-10-06 / plant 10,"{""lai"":null,""note"":null,""spad"":null,""leaves"":null,""obs_date"":""2026-10-06"",""plant_id"":10,""height_cm"":23,""updated_at"":""2026-10-08T18:32:53.479+00:00"",""recorded_by"":""Emma"",""internode_cm"":null}"
693,2026-10-08T18:32:56.40806+00:00,Emma,update,measurements,2026-10-06 / plant 10,"{""leaves"":9}"
694,2026-10-08T18:32:59.071914+00:00,Emma,insert,measurements,2026-10-06 / plant 11,"{""lai"":null,""note"":null,""spad"":null,""leaves"":null,""obs_date"":""2026-10-06"",""plant_id"":11,""height_cm"":25,""updated_at"":""2026-10-08T18:32:58.953+00:00"",""recorded_by"":""Emma"",""internode_cm"":null}"
695,2026-10-08T18:33:00.93055+00:00,Emma,update,measurements,2026-10-06 / plant 11,"{""leaves"":10}"
696,2026-10-08T18:33:03.830119+00:00,Emma,insert,measurements,2026-10-06 / plant 12,"{""lai"":null,""note"":null,""spad"":null,""leaves"":null,""obs_date"":""2026-10-06"",""plant_id"":12,""height_cm"":30.5,""updated_at"":""2026-10-08T18:33:03.727+00:00"",""recorded_by"":""Emma"",""internode_cm"":null}"
697,2026-10-08T18:33:05.777154+00:00,Emma,update,measurements,2026-10-06 / plant 12,"{""leaves"":12}"
698,2026-10-08T18:33:10.811746+00:00,Emma,insert,measurements,2026-10-07 / plant 1,"{""lai"":null,""note"":null,""spad"":null,""leaves"":0,""obs_date"":""2026-10-07"",""plant_id"":1,""height_cm"":0,""updated_at"":""2026-10-08T18:33:10.702+00:00"",""recorded_by"":""Emma"",""internode_cm"":null}"
699,2026-10-08T18:33:11.553147+00:00,Emma,insert,measurements,2026-10-07 / plant 2,"{""lai"":null,""note"":null,""spad"":null,""leaves"":null,""obs_date"":""2026-10-07"",""plant_id"":2,""height_cm"":0,""updated_at"":""2026-10-08T18:33:11.45+00:00"",""recorded_by"":""Emma"",""internode_cm"":null}"
700,2026-10-08T18:33:13.225512+00:00,Emma,update,measurements,2026-10-07 / plant 2,"{""leaves"":0}"
701,2026-10-08T18:33:14.755385+00:00,Emma,insert,measurements,2026-10-07 / plant 3,"{""lai"":null,""note"":null,""spad"":null,""leaves"":0,""obs_date"":""2026-10-07"",""plant_id"":3,""height_cm"":0,""updated_at"":""2026-10-08T18:33:14.654+00:00"",""recorded_by"":""Emma"",""internode_cm"":null}"
702,2026-10-08T18:33:16.602401+00:00,Emma,insert,measurements,2026-10-07 / plant 6,"{""lai"":null,""note"":null,""spad"":null,""leaves"":0,""obs_date"":""2026-10-07"",""plant_id"":6,""height_cm"":0,""updated_at"":""2026-10-08T18:33:16.497+00:00"",""recorded_by"":""Emma"",""internode_cm"":null}"
703,2026-10-08T18:33:18.580438+00:00,Emma,insert,measurements,2026-10-07 / plant 7,"{""lai"":null,""note"":null,""spad"":null,""leaves"":0,""obs_date"":""2026-10-07"",""plant_id"":7,""height_cm"":0,""updated_at"":""2026-10-08T18:33:18.481+00:00"",""recorded_by"":""Emma"",""internode_cm"":null}"
704,2026-10-08T18:33:22.347527+00:00,Emma,insert,measurements,2026-10-07 / plant 4,"{""lai"":null,""note"":null,""spad"":null,""leaves"":null,""obs_date"":""2026-10-07"",""plant_id"":4,""height_cm"":21,""updated_at"":""2026-10-08T18:33:22.246+00:00"",""recorded_by"":""Emma"",""internode_cm"":null}"
705,2026-10-08T18:33:23.786986+00:00,Emma,update,measurements,2026-10-07 / plant 4,"{""leaves"":9}"
706,2026-10-08T18:33:25.650645+00:00,Emma,insert,measurements,2026-10-07 / plant 5,"{""lai"":null,""note"":null,""spad"":null,""leaves"":null,""obs_date"":""2026-10-07"",""plant_id"":5,""height_cm"":1,""updated_at"":""2026-10-08T18:33:25.542+00:00"",""recorded_by"":""Emma"",""internode_cm"":null}"
707,2026-10-08T18:33:27.459151+00:00,Emma,update,measurements,2026-10-07 / plant 5,"{""height_cm"":31}"
708,2026-10-08T18:33:28.720572+00:00,Emma,update,measurements,2026-10-07 / plant 5,"{""leaves"":14}"
709,2026-10-08T18:33:32.822616+00:00,Emma,insert,measurements,2026-10-07 / plant 8,"{""lai"":null,""note"":null,""spad"":null,""leaves"":null,""obs_date"":""2026-10-07"",""plant_id"":8,""height_cm"":33,""updated_at"":""2026-10-08T18:33:32.717+00:00"",""recorded_by"":""Emma"",""internode_cm"":null}"
710,2026-10-08T18:33:34.97238+00:00,Emma,update,measurements,2026-10-07 / plant 8,"{""leaves"":14}"
711,2026-10-08T18:33:37.896736+00:00,Emma,insert,measurements,2026-10-07 / plant 9,"{""lai"":null,""note"":null,""spad"":null,""leaves"":null,""obs_date"":""2026-10-07"",""plant_id"":9,""height_cm"":31,""updated_at"":""2026-10-08T18:33:37.787+00:00"",""recorded_by"":""Emma"",""internode_cm"":null}"
712,2026-10-08T18:33:38.911185+00:00,Emma,update,measurements,2026-10-07 / plant 9,"{""leaves"":1}"
713,2026-10-08T18:33:39.582805+00:00,Emma,update,measurements,2026-10-07 / plant 9,"{""leaves"":10}"
714,2026-10-08T18:33:44.151713+00:00,Emma,insert,measurements,2026-10-07 / plant 10,"{""lai"":null,""note"":null,""spad"":null,""leaves"":null,""obs_date"":""2026-10-07"",""plant_id"":10,""height_cm"":22.5,""updated_at"":""2026-10-08T18:33:44.034+00:00"",""recorded_by"":""Emma"",""internode_cm"":null}"
715,2026-10-08T18:33:49.253434+00:00,Emma,update,measurements,2026-10-07 / plant 10,"{""height_cm"":23.5}"
716,2026-10-08T18:33:56.778931+00:00,Emma,update,measurements,2026-10-07 / plant 10,"{""leaves"":9}"
717,2026-10-08T18:34:00.355648+00:00,Emma,insert,measurements,2026-10-07 / plant 11,"{""lai"":null,""note"":null,""spad"":null,""leaves"":null,""obs_date"":""2026-10-07"",""plant_id"":11,""height_cm"":26.5,""updated_at"":""2026-10-08T18:34:00.253+00:00"",""recorded_by"":""Emma"",""internode_cm"":null}"
718,2026-10-08T18:34:02.547153+00:00,Emma,update,measurements,2026-10-07 / plant 11,"{""leaves"":9}"
719,2026-10-08T18:34:03.76795+00:00,Emma,update,measurements,2026-10-07 / plant 11,"{""leaves"":null}"
720,2026-10-08T18:34:04.688338+00:00,Emma,update,measurements,2026-10-07 / plant 11,"{""leaves"":11}"
721,2026-10-08T18:34:06.946311+00:00,Emma,insert,measurements,2026-10-07 / plant 12,"{""lai"":null,""note"":null,""spad"":null,""leaves"":null,""obs_date"":""2026-10-07"",""plant_id"":12,""height_cm"":31,""updated_at"":""2026-10-08T18:34:06.841+00:00"",""recorded_by"":""Emma"",""internode_cm"":null}"
722,2026-10-08T18:34:09.967359+00:00,Emma,update,measurements,2026-10-07 / plant 12,"{""leaves"":13}"
